"","Team","Player","GP","MIN","PTS","P2M","P2A","P2p","P3M","P3A","P3p","FTM","FTA","FTp","OREB","DREB","AST","TOV","STL","BLK","PF","PM"
"19","Atlanta Hawks","Trae Young",81,2503,1549,369,774,47.6744186046512,156,482,32.3651452282158,343,414,82.8502415458937,64,237,653,308,72,15,140,-335
"15","Atlanta Hawks","Kevin Huerter",75,2049,727,139,304,45.7236842105263,136,353,38.5269121813031,41,56,73.2142857142857,60,185,214,109,65,25,155,-119
"5","Atlanta Hawks","DeAndre Bembry",82,1931,687,225,443,50.7900677200903,50,173,28.9017341040462,87,136,63.9705882352941,54,304,202,142,105,41,190,-229
"11","Atlanta Hawks","John Collins",61,1828,1188,410,673,60.9212481426449,55,158,34.8101265822785,203,266,76.3157894736842,219,376,121,120,22,39,199,-76
"14","Atlanta Hawks","Kent Bazemore",67,1643,779,182,391,46.5473145780051,96,300,32,127,175,72.5714285714286,37,224,152,121,89,42,170,-297
"6","Atlanta Hawks","Dewayne Dedmon",64,1609,693,176,309,56.957928802589,83,217,38.2488479262673,92,113,81.4159292035398,105,375,90,84,69,71,214,-173
"18","Atlanta Hawks","Taurean Prince",55,1552,742,139,279,49.8207885304659,123,315,39.0476190476191,95,116,81.8965517241379,22,177,118,100,53,19,141,-243
"1","Atlanta Hawks","Alex Len",77,1544,854,246,444,55.4054054054054,74,204,36.2745098039216,140,216,64.8148148148148,158,266,86,97,27,69,200,-163
"22","Atlanta Hawks","Vince Carter",76,1330,562,73,152,48.0263157894737,123,316,38.9240506329114,47,66,71.2121212121212,31,163,87,48,44,27,141,-179
"10","Atlanta Hawks","Jeremy Lin",51,1003,546,136,254,53.5433070866142,44,132,33.3333333333333,142,168,84.5238095238095,16,103,181,98,38,7,96,-111
"17","Atlanta Hawks","Omari Spellman",46,805,272,54,116,46.551724137931,44,128,34.375,32,45,71.1111111111111,72,122,47,31,26,25,67,-202
"13","Atlanta Hawks","Justin Anderson",48,464,178,40,80,50,24,77,31.1688311688312,26,35,74.2857142857143,24,60,23,23,22,13,48,-79
"9","Atlanta Hawks","Jaylen Adams",34,428,108,13,36,36.1111111111111,25,74,33.7837837837838,7,9,77.7777777777778,11,49,65,28,14,5,45,-57
"2","Atlanta Hawks","Alex Poythress",21,305,107,31,58,53.448275862069,9,23,39.1304347826087,18,29,62.0689655172414,29,47,17,13,4,10,47,-75
"20","Atlanta Hawks","Tyler Dorsey",27,251,90,22,50,44,10,39,25.6410256410256,16,26,61.5384615384615,9,34,17,10,7,1,20,8
"4","Atlanta Hawks","Daniel Hamilton",19,204,57,15,37,40.5405405405405,8,23,34.7826086956522,3,6,50,10,37,22,16,6,1,19,-26
"16","Atlanta Hawks","Miles Plumlee",18,173,80,32,48,66.6666666666667,0,0,0,16,30,53.3333333333333,16,23,17,10,6,4,14,-43
"7","Atlanta Hawks","Deyonta Davis",9,118,36,15,21,71.4285714285714,0,1,0,6,10,60,10,26,5,3,3,5,12,-22
"8","Atlanta Hawks","Isaac Humphries",5,56,15,3,10,30,3,11,27.2727272727273,0,0,0,4,7,0,0,1,0,7,-22
"3","Atlanta Hawks","BJ Johnson",6,43,21,5,10,50,3,6,50,2,2,100,2,6,0,2,2,0,3,-14
"21","Atlanta Hawks","Tyler Zeller",2,11,0,0,1,0,0,1,0,0,0,0,2,4,1,0,0,0,4,-8
"12","Atlanta Hawks","Jordan Sibert",1,4,3,0,0,0,1,1,100,0,0,0,0,0,0,0,0,0,0,-5
"91","Boston Celtics","Jayson Tatum",79,2455,1243,350,725,48.2758620689655,116,311,37.2990353697749,195,228,85.5263157894737,70,407,168,122,84,57,168,360
"101","Boston Celtics","Kyrie Irving",67,2214,1596,430,807,53.2837670384139,174,434,40.0921658986175,214,245,87.3469387755102,71,264,464,172,103,34,167,332
"121","Boston Celtics","Marcus Smart",80,2200,708,113,221,51.131221719457,126,346,36.4161849710983,104,129,80.6201550387597,57,177,321,123,143,28,200,164
"111","Boston Celtics","Marcus Morris",75,2091,1046,231,455,50.7692307692308,146,389,37.5321336760925,146,173,84.393063583815,76,382,109,92,43,25,181,74
"110","Boston Celtics","Al Horford",68,1973,925,314,520,60.3846153846154,73,203,35.9605911330049,78,95,82.1052631578947,120,338,283,102,59,86,126,258
"81","Boston Celtics","Jaylen Brown",74,1913,964,273,516,52.9069767441861,95,276,34.4202898550725,133,202,65.8415841584158,65,248,100,99,69,32,186,65
"51","Boston Celtics","Gordon Hayward",72,1863,825,219,404,54.2079207920792,77,231,33.3333333333333,156,187,83.4224598930481,51,271,244,105,62,23,104,213
"171","Boston Celtics","Terry Rozier",79,1791,708,139,329,42.2492401215805,119,337,35.3115727002967,73,93,78.494623655914,32,275,231,68,68,21,101,-39
"41","Boston Celtics","Daniel Theis",66,908,374,120,199,60.3015075376884,26,67,38.8059701492537,56,76,73.6842105263158,87,138,68,33,21,42,161,131
"23","Boston Celtics","Aron Baynes",51,821,284,84,162,51.8518518518518,21,61,34.4262295081967,53,62,85.4838709677419,88,152,57,40,12,34,125,130
"161","Boston Celtics","Semi Ojeleye",56,594,186,39,69,56.5217391304348,28,89,31.4606741573034,24,39,61.5384615384615,24,62,23,19,10,4,43,70
"31","Boston Celtics","Brad Wanamaker",36,343,140,34,66,51.5151515151515,16,39,41.025641025641,24,28,85.7142857142857,3,38,56,19,12,2,34,72
"151","Boston Celtics","Robert Williams III",32,283,81,36,51,70.5882352941177,0,0,0,9,15,60,27,54,7,10,9,40,36,-50
"71","Boston Celtics","Guerschon Yabusele",41,251,94,26,49,53.0612244897959,9,28,32.1428571428571,15,22,68.1818181818182,23,30,15,15,8,7,32,-18
"131","Boston Celtics","PJ Dozier",6,51,19,6,13,46.1538461538462,2,8,25,1,2,50,6,11,5,0,2,0,2,25
"141","Boston Celtics","RJ Hunter",1,26,17,2,3,66.6666666666667,4,10,40,1,2,50,1,2,3,0,1,0,3,28
"61","Boston Celtics","Greg Monroe",2,5,6,3,5,60,0,0,0,0,0,0,3,0,1,0,0,0,0,5
"42","Brooklyn Nets","DAngelo Russell",81,2448,1712,425,882,48.1859410430839,234,635,36.8503937007874,160,205,78.0487804878049,53,262,563,253,100,20,141,22
"102","Brooklyn Nets","Joe Harris",76,2294,1041,191,362,52.7624309392265,183,386,47.4093264248705,110,133,82.7067669172932,52,239,181,121,38,17,182,-78
"92","Brooklyn Nets","Jarrett Allen",80,2096,873,329,523,62.906309751434,6,45,13.3333333333333,197,278,70.863309352518,191,481,110,103,43,120,184,-119
"162","Brooklyn Nets","Spencer Dinwiddie",68,1914,1143,242,458,52.8384279475983,124,370,33.5135135135135,287,356,80.6179775280899,26,140,311,152,40,17,187,-84
"52","Brooklyn Nets","DeMarre Carroll",67,1703,744,121,265,45.6603773584906,106,310,34.1935483870968,184,242,76.0330578512397,68,281,85,73,31,10,114,49
"72","Brooklyn Nets","Ed Davis",81,1446,472,186,300,62,0,2,0,100,162,61.7283950617284,216,478,61,64,35,33,226,94
"132","Brooklyn Nets","Rodions Kurucs",63,1294,534,144,265,54.3396226415094,58,184,31.5217391304348,72,92,78.2608695652174,56,190,52,77,41,25,146,-2
"142","Brooklyn Nets","Rondae Hollis-Jefferson",59,1234,527,191,438,43.6073059360731,9,49,18.3673469387755,118,183,64.4808743169399,83,227,96,68,44,27,107,-10
"82","Brooklyn Nets","Jared Dudley",59,1220,287,48,88,54.5454545454545,53,151,35.0993377483444,32,46,69.5652173913043,34,121,83,43,36,16,131,35
"24","Brooklyn Nets","Allen Crabbe",43,1133,413,39,114,34.2105263157895,98,259,37.8378378378378,41,56,73.2142857142857,16,132,46,46,23,13,102,4
"32","Brooklyn Nets","Caris LeVert",40,1063,547,159,329,48.3282674772036,48,154,31.1688311688312,85,123,69.1056910569106,35,116,156,69,42,14,77,-12
"152","Brooklyn Nets","Shabazz Napier",56,983,529,93,207,44.9275362318841,76,228,33.3333333333333,115,138,83.3333333333333,18,82,143,66,41,16,67,14
"191","Brooklyn Nets","Treveon Graham",35,715,184,26,63,41.2698412698413,38,128,29.6875,18,22,81.8181818181818,23,84,34,17,13,7,68,29
"181","Brooklyn Nets","Theo Pinson",18,211,81,13,27,48.1481481481481,12,46,26.0869565217391,19,22,86.3636363636364,4,32,21,18,6,0,15,-1
"112","Brooklyn Nets","Kenneth Faried",12,118,61,24,37,64.8648648648649,1,5,20,10,16,62.5,15,29,2,6,2,4,8,-20
"62","Brooklyn Nets","Dzanan Musa",9,39,19,8,12,66.6666666666667,1,10,10,0,2,0,1,4,2,4,2,0,1,10
"122","Brooklyn Nets","Mitchell Creek",4,36,15,5,9,55.5555555555556,0,1,0,5,7,71.4285714285714,5,5,5,0,1,0,3,8
"113","Brooklyn Nets","Alan Williams",5,26,18,8,12,66.6666666666667,0,1,0,2,4,50,4,15,3,1,1,0,2,16
"172","Brooklyn Nets","Tahjere McCall",1,8,4,2,2,100,0,1,0,0,1,0,0,1,0,0,0,0,2,15
"93","Charlotte Hornets","Kemba Walker",82,2863,2102,471,953,49.4228751311647,260,731,35.5677154582763,380,450,84.4444444444444,52,309,484,211,102,34,131,36
"143","Charlotte Hornets","Nicolas Batum",75,2354,699,137,264,51.8939393939394,116,298,38.9261744966443,77,89,86.5168539325843,71,319,247,117,71,43,140,-21
"73","Charlotte Hornets","Jeremy Lamb",79,2250,1208,316,649,48.6902927580894,115,330,34.8484848484849,231,260,88.8461538461538,65,369,172,80,88,32,140,49
"114","Charlotte Hornets","Marvin Williams",75,2133,756,135,270,50,140,382,36.6492146596859,66,86,76.7441860465116,76,331,92,47,71,61,156,-6
"133","Charlotte Hornets","Miles Bridges",80,1696,597,172,311,55.3054662379421,65,200,32.5,58,77,75.3246753246753,67,256,95,50,55,49,111,-127
"103","Charlotte Hornets","Malik Monk",73,1258,653,118,256,46.09375,109,330,33.030303030303,90,102,88.2352941176471,16,121,117,86,37,19,106,-44
"25","Charlotte Hornets","Cody Zeller",49,1243,497,184,323,56.9659442724458,6,22,27.2727272727273,111,141,78.7234042553192,110,223,102,62,38,41,164,42
"123","Charlotte Hornets","Michael Kidd-Gilchrist",64,1179,427,142,285,49.8245614035088,16,47,34.0425531914894,95,123,77.2357723577236,88,158,61,43,32,39,156,-49
"163","Charlotte Hornets","Tony Parker",56,1003,530,200,412,48.5436893203884,13,51,25.4901960784314,91,124,73.3870967741936,14,69,207,75,21,7,53,19
"173","Charlotte Hornets","Willy Hernangomez",58,812,421,138,256,53.90625,15,39,38.4615384615385,100,144,69.4444444444444,117,194,60,58,16,20,98,-94
"115","Charlotte Hornets","Bismack Biyombo",54,782,236,89,156,57.0512820512821,0,0,0,58,91,63.7362637362637,81,166,33,34,11,41,103,-133
"43","Charlotte Hornets","Dwayne Bacon",43,759,316,84,170,49.4117647058824,38,87,43.6781609195402,34,46,73.9130434782609,8,81,47,18,12,5,72,-22
"53","Charlotte Hornets","Frank Kaminsky",47,755,405,88,159,55.3459119496855,50,139,35.9712230215827,79,107,73.8317757009346,39,124,63,41,12,12,68,42
"33","Charlotte Hornets","Devonte Graham",46,676,217,40,95,42.1052631578947,34,121,28.099173553719,35,46,76.0869565217391,10,53,121,30,23,2,48,-100
"153","Charlotte Hornets","Shelvin Mack",4,42,9,2,12,16.6666666666667,0,2,0,5,9,55.5555555555556,0,2,1,4,2,0,3,-40
"63","Charlotte Hornets","J.P. Macura",2,17,6,3,5,60,0,4,0,0,0,0,0,3,2,0,0,0,0,1
"83","Charlotte Hornets","Joe Chealey",1,8,2,1,3,33.3333333333333,0,0,0,0,0,0,0,0,1,0,0,0,1,-3
"221","Chicago Bulls","Zach LaVine",63,2171,1492,410,814,50.3685503685504,120,321,37.3831775700935,312,375,83.2,40,254,283,215,60,26,140,-301
"154","Chicago Bulls","Ryan Arcidiacono",81,1961,544,106,201,52.7363184079602,81,217,37.3271889400922,89,102,87.2549019607843,27,192,269,63,65,4,171,-250
"116","Chicago Bulls","Lauri Markkanen",52,1682,974,222,463,47.9481641468683,120,332,36.144578313253,170,195,87.1794871794872,74,396,75,85,37,33,122,-197
"144","Chicago Bulls","Robin Lopez",74,1606,704,297,504,58.9285714285714,7,31,22.5806451612903,89,123,72.3577235772358,140,146,89,96,11,78,124,-142
"164","Chicago Bulls","Shaquille Harrison",73,1430,474,160,337,47.4777448071217,24,89,26.9662921348315,82,123,66.6666666666667,33,189,139,60,89,30,124,-316
"104","Chicago Bulls","Kris Dunn",46,1389,519,181,410,44.1463414634146,34,96,35.4166666666667,55,69,79.7101449275362,19,168,277,104,68,21,166,-223
"94","Chicago Bulls","Justin Holiday",38,1325,440,54,124,43.5483870967742,97,270,35.9259259259259,41,46,89.1304347826087,19,150,85,47,67,21,79,-311
"211","Chicago Bulls","Wendell Carter Jr",44,1110,455,174,339,51.3274336283186,6,32,18.75,89,112,79.4642857142857,87,220,78,65,26,58,152,-292
"84","Chicago Bulls","Jabari Parker",39,1042,556,183,350,52.2857142857143,37,114,32.4561403508772,79,108,73.1481481481482,41,200,84,84,23,14,87,-224
"201","Chicago Bulls","Wayne Selden",43,984,342,96,211,45.4976303317536,35,111,31.5315315315315,45,63,71.4285714285714,21,115,73,56,23,7,83,-231
"54","Chicago Bulls","Chandler Hutchison",44,895,229,82,159,51.5723270440252,14,50,28,23,38,60.5263157894737,31,154,34,25,23,6,59,-115
"117","Chicago Bulls","Antonio Blakeney",57,829,418,130,305,42.6229508196721,36,91,39.5604395604396,50,76,65.7894736842105,7,99,42,35,12,9,41,-148
"64","Chicago Bulls","Cristiano Felicio",60,746,240,95,175,54.2857142857143,0,4,0,50,73,68.4931506849315,79,139,37,33,11,7,69,-130
"174","Chicago Bulls","Timothe Luwawu-Cabarrot",29,546,196,38,81,46.9135802469136,31,94,32.9787234042553,27,35,77.1428571428572,7,72,22,16,15,7,59,-164
"44","Chicago Bulls","Cameron Payne",31,536,176,53,109,48.6238532110092,16,59,27.1186440677966,22,25,88,10,43,83,34,20,6,49,-218
"26","Chicago Bulls","Bobby Portis",22,531,310,95,199,47.7386934673367,27,72,37.5,39,50,78,46,115,29,29,11,8,61,-123
"124","Chicago Bulls","Otto Porter Jr",15,492,262,58,121,47.9338842975207,39,80,48.75,29,32,90.625,14,69,40,25,18,9,29,6
"34","Chicago Bulls","Brandon Sampson",14,214,71,17,31,54.8387096774194,11,29,37.9310344827586,4,6,66.6666666666667,3,13,10,12,8,3,19,-28
"192","Chicago Bulls","Walter Lemon Jr",6,167,86,36,82,43.9024390243902,2,5,40,8,11,72.7272727272727,4,23,30,10,11,1,14,-23
"74","Chicago Bulls","JaKarr Sampson",4,127,80,24,40,60,5,14,35.7142857142857,17,21,80.9523809523809,5,27,4,4,4,3,8,-7
"134","Chicago Bulls","Rawle Alkins",10,120,37,10,27,37.037037037037,3,12,25,8,12,66.6666666666667,11,15,13,8,1,0,7,-13
"182","Chicago Bulls","Tyler Ulis",1,1,0,0,0,0,0,0,0,0,0,0,0,0,0,0,0,0,0,0
"85","Cleveland Cavaliers","Collin Sexton",82,2605,1371,400,910,43.956043956044,119,296,40.2027027027027,214,255,83.921568627451,57,179,243,185,44,6,186,-672
"65","Cleveland Cavaliers","Cedi Osman",76,2444,991,230,470,48.936170212766,130,374,34.7593582887701,141,181,77.9005524861878,45,312,195,114,60,11,195,-641
"165","Cleveland Cavaliers","Jordan Clarkson",81,2214,1364,385,735,52.3809523809524,144,445,32.3595505617978,162,192,84.375,82,188,196,135,57,13,112,-350
"202","Cleveland Cavaliers","Larry Nance Jr.",67,1795,627,216,381,56.6929133858268,33,98,33.6734693877551,96,134,71.6417910447761,168,384,214,97,100,40,192,-324
"251","Cleveland Cavaliers","Rodney Hood",45,1234,547,139,302,46.0264900662252,55,152,36.1842105263158,104,114,91.2280701754386,18,94,92,36,38,5,101,-302
"27","Cleveland Cavaliers","Tristan Thompson",43,1198,470,201,380,52.8947368421053,0,0,0,68,106,64.1509433962264,173,265,86,59,28,16,89,-302
"35","Cleveland Cavaliers","Ante Zizic",59,1082,459,183,331,55.2870090634441,0,0,0,93,132,70.4545454545455,108,212,53,61,13,22,113,-80
"95","Cleveland Cavaliers","David Nwaba",51,984,334,102,187,54.5454545454545,24,75,32,58,85,68.2352941176471,41,122,54,29,36,17,106,-77
"118","Cleveland Cavaliers","Alec Burks",34,979,396,91,221,41.1764705882353,45,119,37.8151260504202,79,98,80.6122448979592,26,160,98,46,25,16,62,-260
"222","Cleveland Cavaliers","Matthew Dellavedova",36,715,262,52,104,50,40,119,33.6134453781513,38,48,79.1666666666667,6,61,152,57,12,2,66,-48
"45","Cleveland Cavaliers","Brandon Knight",27,618,230,52,116,44.8275862068966,36,97,37.1134020618557,18,23,78.2608695652174,9,41,62,25,19,2,48,-173
"175","Cleveland Cavaliers","Kevin Love",22,598,374,56,136,41.1764705882353,53,147,36.0544217687075,103,114,90.3508771929825,33,206,48,42,6,5,54,-56
"145","Cleveland Cavaliers","Jaron Blossomgame",27,439,114,37,67,55.2238805970149,10,39,25.6410256410256,10,13,76.9230769230769,26,72,13,11,7,8,20,-43
"212","Cleveland Cavaliers","Marquese Chriss",27,395,153,41,89,46.0674157303371,15,57,26.3157894736842,26,38,68.4210526315789,33,81,16,24,15,7,64,-148
"119","Cleveland Cavaliers","George Hill",13,344,140,42,79,53.1645569620253,13,28,46.4285714285714,17,20,85,12,15,36,20,12,1,35,-45
"231","Cleveland Cavaliers","Nik Stauskas",24,342,132,13,46,28.2608695652174,27,63,42.8571428571429,25,28,89.2857142857143,8,39,19,11,7,3,19,-91
"75","Cleveland Cavaliers","Channing Frye",36,341,129,11,38,28.9473684210526,32,79,40.5063291139241,11,14,78.5714285714286,4,48,20,13,6,5,44,-146
"193","Cleveland Cavaliers","Kyle Korver",16,251,108,10,22,45.4545454545455,25,54,46.2962962962963,13,16,81.25,0,29,17,17,3,2,22,-40
"125","Cleveland Cavaliers","JR Smith",11,222,74,15,40,37.5,12,39,30.7692307692308,8,10,80,0,18,21,11,11,3,19,-14
"135","Cleveland Cavaliers","Jalen Jones",16,214,81,16,34,47.0588235294118,10,28,35.7142857142857,19,27,70.3703703703704,11,23,7,8,9,2,27,-25
"105","Cleveland Cavaliers","Deng Adel",19,194,32,5,13,38.4615384615385,6,23,26.0869565217391,4,4,100,3,16,5,6,1,4,13,-31
"55","Cleveland Cavaliers","Cameron Payne",9,176,74,18,30,60,9,25,36,11,16,68.75,3,16,23,11,8,3,15,-6
"261","Cleveland Cavaliers","Sam Dekker",9,169,57,17,35,48.5714285714286,5,13,38.4615384615385,8,10,80,9,24,9,5,11,0,13,-37
"28","Cleveland Cavaliers","Andrew Harrison",10,144,43,9,25,36,3,14,21.4285714285714,16,16,100,4,11,17,10,4,2,26,-12
"241","Cleveland Cavaliers","Patrick McCaw",3,53,5,1,5,20,1,4,25,0,0,0,0,3,2,3,2,0,1,-21
"183","Cleveland Cavaliers","Kobi Simmons",1,2,0,0,0,0,0,0,0,0,0,0,0,0,0,0,0,0,0,3
"155","Cleveland Cavaliers","John Holland",1,1,0,0,0,0,0,0,0,0,0,0,0,0,0,0,0,0,0,1
"146","Dallas Mavericks","Luka Doncic",72,2318,1526,338,672,50.297619047619,168,514,32.6848249027237,346,485,71.340206185567,86,477,429,247,77,25,137,-118
"76","Dallas Mavericks","Dorian Finney-Smith",81,1985,608,149,274,54.3795620437956,79,254,31.1023622047244,73,103,70.873786407767,138,251,95,74,69,36,186,-88
"86","Dallas Mavericks","Dwight Powell",77,1663,815,251,359,69.91643454039,39,127,30.7086614173228,196,254,77.1653543307087,140,271,112,67,44,50,201,15
"1110","Dallas Mavericks","Jalen Brunson",73,1591,678,201,384,52.34375,63,181,34.8066298342541,87,120,72.5,25,144,230,88,37,4,127,-83
"96","Dallas Mavericks","Harrison Barnes",49,1584,866,169,406,41.6256157635468,121,311,38.9067524115756,165,198,83.3333333333333,36,171,62,68,33,11,79,-79
"36","Dallas Mavericks","DeAndre Jordan",50,1554,551,208,323,64.3962848297214,0,0,0,135,198,68.1818181818182,161,525,99,111,33,53,125,-16
"156","Dallas Mavericks","Maxi Kleber",71,1502,485,98,168,58.3333333333333,77,218,35.3211009174312,58,74,78.3783783783784,90,239,70,54,36,78,143,64
"213","Dallas Mavericks","Wesley Matthews",44,1312,575,94,206,45.6310679611651,100,263,38.0228136882129,87,110,79.0909090909091,20,82,100,58,33,12,102,-40
"56","Dallas Mavericks","Devin Harris",68,1071,428,70,147,47.6190476190476,62,200,31,102,134,76.1194029850746,12,100,122,56,35,16,133,-94
"46","Dallas Mavericks","Dennis Smith Jr",32,908,414,114,232,49.1379310344828,43,125,34.4,57,82,69.5121951219512,18,79,138,100,40,11,82,-53
"66","Dallas Mavericks","Dirk Nowitzki",51,795,373,71,171,41.5204678362573,64,205,31.219512195122,39,50,78,5,153,35,18,9,18,76,-65
"106","Dallas Mavericks","J.J. Barea",38,752,415,123,257,47.8599221789883,38,128,29.6875,55,78,70.5128205128205,13,82,211,72,22,1,50,58
"194","Dallas Mavericks","Tim Hardaway Jr",19,557,294,63,127,49.6062992125984,45,140,32.1428571428571,33,43,76.7441860465116,7,54,37,24,12,2,35,-72
"126","Dallas Mavericks","Justin Jackson",29,531,237,60,104,57.6923076923077,32,86,37.2093023255814,21,29,72.4137931034483,19,47,28,7,9,1,32,13
"176","Dallas Mavericks","Ryan Broekhoff",42,454,167,19,33,57.5757575757576,38,93,40.8602150537634,15,19,78.9473684210526,8,55,22,16,6,4,35,70
"203","Dallas Mavericks","Trey Burke",25,436,243,62,117,52.991452991453,26,73,35.6164383561644,41,49,83.6734693877551,13,24,65,20,12,2,25,54
"184","Dallas Mavericks","Salah Mejri",36,399,141,44,78,56.4102564102564,11,34,32.3529411764706,20,32,62.5,36,95,35,21,10,26,55,-50
"120","Dallas Mavericks","Courtney Lee",22,268,80,21,43,48.8372093023256,11,39,28.2051282051282,5,7,71.4285714285714,3,24,21,9,13,1,19,-36
"29","Dallas Mavericks","Daryl Macon",8,90,29,5,16,31.25,5,11,45.4545454545455,4,7,57.1428571428571,2,10,7,6,1,0,8,-6
"136","Dallas Mavericks","Kostas Antetokounmpo",2,11,2,0,3,0,0,0,0,2,4,50,0,1,0,1,2,0,0,3
"166","Dallas Mavericks","Ray Spalding",1,1,0,0,0,0,0,0,0,0,0,0,0,0,0,0,0,0,0,-2
"127","Denver Nuggets","Nikola Jokic",80,2504,1604,533,936,56.9444444444444,83,270,30.7407407407407,289,352,82.1022727272727,228,637,580,248,108,55,228,315
"57","Denver Nuggets","Jamal Murray",75,2447,1367,361,759,47.562582345191,152,414,36.7149758454106,189,223,84.7533632286996,65,252,363,158,67,27,153,245
"107","Denver Nuggets","Monte Morris",82,1970,851,252,475,53.0526315789474,94,227,41.4096916299559,65,81,80.2469135802469,35,159,297,52,73,4,102,179
"137","Denver Nuggets","Paul Millsap",70,1895,883,264,506,52.1739130434783,58,159,36.4779874213836,181,249,72.6907630522088,153,352,141,95,83,54,183,342
"87","Denver Nuggets","Malik Beasley",81,1879,917,186,332,56.0240963855422,163,405,40.2469135802469,56,66,84.8484848484848,35,165,97,55,55,10,116,135
"97","Denver Nuggets","Mason Plumlee",82,1731,637,260,432,60.1851851851852,2,10,20,111,198,56.0606060606061,165,359,243,126,66,76,252,72
"37","Denver Nuggets","Gary Harris",57,1639,737,188,395,47.5949367088608,82,242,33.8842975206612,115,144,79.8611111111111,41,119,127,68,55,19,113,226
"157","Denver Nuggets","Torrey Craig",75,1503,430,99,174,56.8965517241379,61,188,32.4468085106383,49,70,70,89,174,72,44,37,46,175,72
"77","Denver Nuggets","Juancho Hernangomez",70,1358,408,72,133,54.1353383458647,66,181,36.4640883977901,66,86,76.7441860465116,64,201,55,37,27,24,94,36
"185","Denver Nuggets","Will Barton",43,1189,494,118,264,44.6969696969697,67,196,34.1836734693878,57,74,77.027027027027,32,167,124,65,18,22,82,7
"167","Denver Nuggets","Trey Lyles",64,1120,546,156,295,52.8813559322034,51,200,25.5,81,116,69.8275862068966,44,202,87,68,30,23,93,4
"47","Denver Nuggets","Isaiah Thomas",12,181,97,22,56,39.2857142857143,12,43,27.906976744186,17,27,62.962962962963,5,8,23,18,5,1,17,-22
"177","Denver Nuggets","Tyler Lydon",25,94,23,5,8,62.5,4,10,40,1,3,33.3333333333333,7,11,6,4,2,0,10,-11
"67","Denver Nuggets","Jarred Vanderbilt",17,69,24,9,18,50,0,1,0,6,10,60,7,16,3,8,6,1,8,10
"128","Denver Nuggets","Brandon Goodwin",16,57,23,4,17,23.5294117647059,2,6,33.3333333333333,9,11,81.8181818181818,1,2,14,3,0,0,7,12
"1111","Denver Nuggets","Nick Young",4,37,9,0,1,0,3,8,37.5,0,0,0,0,1,2,2,0,1,4,-5
"147","Denver Nuggets","Thomas Welsh",11,36,18,4,6,66.6666666666667,3,7,42.8571428571429,1,2,50,0,4,5,1,0,0,3,2
"210","Denver Nuggets","DeVaughn Akoon-Purcell",7,22,7,3,6,50,0,4,0,1,2,50,1,3,6,2,2,0,4,1
"129","Detroit Pistons","Andre Drummond",79,2647,1370,556,1014,54.8323471400395,5,38,13.1578947368421,243,412,58.9805825242718,423,809,112,175,136,138,272,176
"214","Detroit Pistons","Blake Griffin",75,2622,1841,430,819,52.5030525030525,189,522,36.2068965517241,414,550,75.2727272727273,100,465,402,253,52,28,199,37
"148","Detroit Pistons","Reggie Jackson",82,2289,1260,267,576,46.3541666666667,174,471,36.9426751592357,204,236,86.4406779661017,45,171,344,148,55,9,208,44
"1112","Detroit Pistons","Langston Galloway",80,1745,672,93,207,44.9275362318841,135,380,35.5263157894737,81,96,84.375,49,122,85,24,37,8,135,37
"38","Detroit Pistons","Bruce Brown",74,1449,319,101,221,45.7013574660633,24,93,25.8064516129032,45,60,75,48,137,91,46,40,36,178,-4
"1210","Detroit Pistons","Luke Kennard",63,1437,613,122,251,48.605577689243,106,269,39.4052044609665,51,61,83.6065573770492,12,171,114,57,26,10,92,52
"138","Detroit Pistons","Reggie Bullock",44,1355,534,68,147,46.2585034013605,114,294,38.7755102040816,56,64,87.5,20,103,109,54,24,5,79,11
"68","Detroit Pistons","Ish Smith",56,1251,501,161,354,45.4802259887006,44,135,32.5925925925926,47,62,75.8064516129032,23,122,203,61,28,11,109,83
"158","Detroit Pistons","Stanley Johnson",48,961,358,82,168,48.8095238095238,51,181,28.1767955801105,41,51,80.3921568627451,25,150,60,55,48,13,92,-121
"204","Detroit Pistons","Zaza Pachulia",68,878,267,85,189,44.973544973545,0,4,0,97,124,78.2258064516129,99,166,91,57,31,17,151,-97
"186","Detroit Pistons","Wayne Ellington",28,764,336,34,56,60.7142857142857,81,217,37.3271889400922,25,33,75.7575757575758,8,52,43,26,30,3,52,75
"88","Detroit Pistons","Jose Calderon",49,632,113,31,63,49.2063492063492,14,57,24.5614035087719,9,11,81.8181818181818,11,49,115,35,16,3,64,-172
"48","Detroit Pistons","Glenn Robinson III",47,610,198,56,114,49.1228070175439,18,62,29.0322580645161,32,40,80,17,54,21,18,14,8,45,-11
"178","Detroit Pistons","Thon Maker",29,563,159,27,59,45.7627118644068,23,75,30.6666666666667,36,47,76.5957446808511,24,82,27,24,11,33,50,-37
"78","Detroit Pistons","Jon Leuer",41,402,156,65,102,63.7254901960784,1,11,9.09090909090909,23,31,74.1935483870968,27,70,14,23,12,4,60,-116
"108","Detroit Pistons","Khyri Thomas",26,195,61,12,34,35.2941176470588,10,35,28.5714285714286,7,11,63.6363636363636,4,16,8,4,7,5,22,-34
"58","Detroit Pistons","Henry Ellenson",2,25,12,2,6,33.3333333333333,2,4,50,2,2,100,0,9,1,0,0,0,2,-8
"168","Detroit Pistons","Svi Mykhailiuk",3,20,6,0,4,0,2,4,50,0,0,0,1,1,4,1,1,0,0,-12
"98","Detroit Pistons","Kalin Lucas",1,6,2,0,0,0,0,1,0,2,2,100,0,3,1,0,0,0,1,-3
"195","Detroit Pistons","Zach Lofton",1,4,0,0,0,0,0,1,0,0,0,0,0,0,0,1,1,0,0,0
"1113","Golden State Warriors","Kevin Durant",78,2702,2027,584,995,58.6934673366834,137,388,35.3092783505155,448,506,88.5375494071146,33,464,457,225,58,84,155,657
"139","Golden State Warriors","Klay Thompson",78,2652,1680,414,803,51.5566625155666,241,599,40.2337228714524,129,158,81.6455696202532,37,262,186,115,84,47,157,349
"179","Golden State Warriors","Stephen Curry",69,2331,1881,278,530,52.4528301886792,354,810,43.7037037037037,263,287,91.6376306620209,45,324,361,192,92,25,166,689
"79","Golden State Warriors","Draymond Green",66,2065,486,141,257,54.863813229572,47,165,28.4848484848485,63,91,69.2307692307692,60,421,454,169,95,70,197,462
"215","Golden State Warriors","Andre Iguodala",68,1578,389,103,158,65.1898734177215,48,144,33.3333333333333,39,67,58.2089552238806,48,204,216,52,61,51,95,315
"1211","Golden State Warriors","Kevon Looney",80,1481,500,216,337,64.0949554896143,1,10,10,65,105,61.9047619047619,194,223,123,51,46,53,211,306
"99","Golden State Warriors","Jonas Jerebko",73,1218,459,94,167,56.2874251497006,69,188,36.7021276595745,64,80,80,72,216,96,43,27,18,137,56
"159","Golden State Warriors","Quinn Cook",74,1059,509,123,239,51.4644351464435,81,200,40.5,20,26,76.9230769230769,22,135,116,50,20,3,92,-133
"130","Golden State Warriors","Alfonzo McKinnie",72,1003,337,92,157,58.5987261146497,42,118,35.5932203389831,27,48,56.25,81,166,31,30,18,15,134,11
"169","Golden State Warriors","Shaun Livingston",64,967,258,109,208,52.4038461538462,0,2,0,40,51,78.4313725490196,42,75,114,38,31,27,74,46
"109","Golden State Warriors","Jordan Bell",68,788,223,99,190,52.1052631578947,0,2,0,25,41,60.9756097560976,55,129,76,42,20,51,80,-100
"69","Golden State Warriors","DeMarcus Cousins",30,771,488,152,276,55.0724637681159,26,95,27.3684210526316,106,144,73.6111111111111,43,204,107,72,40,44,109,65
"49","Golden State Warriors","Damian Jones",24,410,130,53,74,71.6216216216216,0,0,0,24,37,64.8648648648649,31,44,28,16,12,25,63,16
"59","Golden State Warriors","Damion Lee",32,375,158,29,59,49.1525423728814,27,68,39.7058823529412,19,22,86.3636363636364,8,56,13,11,13,0,28,-54
"89","Golden State Warriors","Jacob Evans",30,204,40,14,38,36.8421052631579,4,15,26.6666666666667,0,1,0,6,19,23,11,5,3,28,-35
"39","Golden State Warriors","Andrew Bogut",11,134,39,18,36,50,0,0,0,3,3,100,12,43,11,8,3,8,22,10
"149","Golden State Warriors","Marcus Derrickson",11,67,46,6,13,46.1538461538462,10,20,50,4,5,80,8,5,1,3,0,1,9,-10
"1410","Houston Rockets","James Harden",78,2867,2818,465,881,52.7809307604994,378,1028,36.7704280155642,754,858,87.8787878787879,66,452,586,387,158,58,244,357
"205","Houston Rockets","PJ Tucker",82,2802,601,61,136,44.8529411764706,146,387,37.7260981912145,41,59,69.4915254237288,121,358,96,63,132,39,252,242
"610","Houston Rockets","Clint Capela",67,2249,1114,474,732,64.7540983606557,0,0,0,166,261,63.6015325670498,298,550,96,94,44,102,168,232
"810","Houston Rockets","Eric Gordon",68,2158,1103,168,338,49.7041420118343,216,600,36,119,152,78.2894736842105,17,131,129,90,41,27,143,348
"510","Houston Rockets","Chris Paul",58,1857,906,175,365,47.945205479452,127,355,35.7746478873239,175,203,86.2068965517241,36,229,473,152,114,18,146,300
"1010","Houston Rockets","Gerald Green",73,1473,675,75,137,54.7445255474453,156,441,35.3741496598639,57,68,83.8235294117647,30,152,40,55,33,27,126,131
"140","Houston Rockets","Austin Rivers",47,1345,408,85,157,54.140127388535,71,221,32.1266968325792,25,49,51.0204081632653,15,76,109,32,29,13,135,130
"710","Houston Rockets","Danuel House Jr",39,979,366,44,74,59.4594594594595,74,178,41.5730337078652,56,71,78.8732394366197,25,115,40,35,21,11,80,169
"1310","Houston Rockets","James Ennis III",40,949,294,60,91,65.9340659340659,44,120,36.6666666666667,42,58,72.4137931034483,37,80,27,23,38,16,111,4
"910","Houston Rockets","Gary Clark",51,641,148,9,13,69.2307692307692,41,138,29.7101449275362,7,7,100,24,92,18,7,20,26,47,26
"1610","Houston Rockets","Kenneth Faried",25,610,323,124,203,61.0837438423645,7,20,35,54,83,65.0602409638554,82,124,18,27,15,19,74,82
"196","Houston Rockets","Nene",42,546,151,60,113,53.0973451327434,0,3,0,31,47,65.9574468085106,34,89,26,11,18,15,87,101
"1114","Houston Rockets","Iman Shumpert",20,382,91,13,27,48.1481481481481,21,71,29.5774647887324,2,4,50,8,46,21,12,12,4,35,-3
"310","Houston Rockets","Carmelo Anthony",10,294,134,28,57,49.1228070175439,21,64,32.8125,15,22,68.1818181818182,9,45,5,8,4,7,32,-63
"1212","Houston Rockets","Isaiah Hartenstein",28,221,53,18,35,51.4285714285714,2,6,33.3333333333333,11,14,78.5714285714286,21,26,15,13,7,12,56,39
"187","Houston Rockets","Michael Carter-Williams",16,145,69,18,42,42.8571428571429,7,19,36.8421052631579,12,26,46.1538461538462,3,10,21,10,9,6,27,-64
"216","Houston Rockets","Brandon Knight",12,118,36,6,15,40,5,32,15.625,9,11,81.8181818181818,1,8,9,5,2,0,14,-17
"1710","Houston Rockets","Marquese Chriss",16,104,29,10,19,52.6315789473684,1,15,6.66666666666667,6,7,85.7142857142857,7,21,6,12,2,4,17,-22
"1510","Houston Rockets","James Nunnally",2,37,9,0,1,0,3,12,25,0,0,0,0,1,2,0,0,0,6,-9
"410","Houston Rockets","Chris Chiozza",7,33,6,0,3,0,2,5,40,0,0,0,1,3,4,1,1,1,2,-12
"223","Houston Rockets","Vincent Edwards",2,16,3,0,0,0,1,4,25,0,0,0,1,1,0,0,0,0,0,-2
"217","Houston Rockets","Terrence Jones",2,5,2,1,2,50,0,2,0,0,1,0,0,4,0,1,0,0,1,-12
"232","Houston Rockets","Zhou Qi",1,1,2,1,1,100,0,0,0,0,0,0,0,0,0,0,0,0,0,-2
"311","Indiana Pacers","Bojan Bogdanovic",81,2573,1454,358,665,53.8345864661654,164,386,42.4870466321244,246,305,80.655737704918,33,300,161,134,69,1,138,177
"1411","Indiana Pacers","Thaddeus Young",81,2489,1024,392,695,56.4028776978417,51,146,34.9315068493151,87,135,64.4444444444444,192,331,204,123,123,36,194,134
"511","Indiana Pacers","Darren Collison",76,2143,853,229,465,49.247311827957,79,194,40.7216494845361,158,190,83.1578947368421,36,196,459,125,110,9,138,118
"1213","Indiana Pacers","Myles Turner",74,2119,984,304,584,52.0547945205479,76,196,38.7755102040816,148,201,73.6318407960199,101,430,115,100,60,199,195,121
"411","Indiana Pacers","Cory Joseph",82,2063,537,171,377,45.3580901856764,55,171,32.1637426900585,30,43,69.7674418604651,39,240,321,80,94,22,131,211
"711","Indiana Pacers","Domantas Sabonis",74,1838,1043,404,683,59.1508052708638,9,17,52.9411764705882,208,291,71.4776632302406,186,504,212,160,48,30,239,195
"1511","Indiana Pacers","Tyreke Evans",69,1402,706,180,444,40.5405405405405,77,216,35.6481481481481,115,160,71.875,33,168,166,118,58,18,117,64
"811","Indiana Pacers","Doug McDermott",77,1340,564,123,216,56.9444444444444,84,206,40.7766990291262,66,79,83.5443037974684,17,92,67,42,18,8,104,132
"1611","Indiana Pacers","Victor Oladipo",36,1147,675,175,372,47.0430107526882,74,216,34.2592592592593,103,141,73.0496453900709,21,181,186,82,60,11,72,127
"1711","Indiana Pacers","Wesley Matthews",23,725,251,33,80,41.25,48,130,36.9230769230769,41,48,85.4166666666667,11,54,55,31,20,4,56,-50
"150","Indiana Pacers","Aaron Holiday",50,646,294,62,135,45.9259259259259,43,127,33.8582677165354,41,50,82,5,62,87,40,21,13,71,102
"1311","Indiana Pacers","TJ Leaf",58,522,225,91,152,59.8684210526316,8,31,25.8064516129032,19,31,61.2903225806452,43,82,24,12,9,19,35,44
"1115","Indiana Pacers","Kyle OQuinn",45,371,156,68,124,54.8387096774194,1,12,8.33333333333333,17,21,80.9523809523809,29,90,56,31,9,25,68,5
"911","Indiana Pacers","Edmond Sumner",23,210,66,15,37,40.5405405405405,7,27,25.9259259259259,15,24,62.5,9,15,10,10,12,5,26,-33
"218","Indiana Pacers","Alize Johnson",14,64,13,3,14,21.4285714285714,1,2,50,4,8,50,4,15,1,0,1,3,7,1
"611","Indiana Pacers","Davon Reed",10,47,12,3,8,37.5,2,4,50,0,0,0,2,4,3,1,1,0,3,19
"1011","Indiana Pacers","Ike Anigbogu",3,6,0,0,3,0,0,0,0,0,0,0,1,2,1,1,0,1,0,-2
"188","LA Clippers","Shai Gilgeous-Alexander",82,2174,889,290,577,50.2599653379549,51,139,36.6906474820144,156,195,80,57,175,270,141,96,45,175,-110
"1612","LA Clippers","Montrezl Harrell",82,2158,1361,543,871,62.3421354764638,3,17,17.6470588235294,266,414,64.2512077294686,184,351,162,132,71,110,255,59
"1712","LA Clippers","Patrick Beverley",78,2137,596,82,195,42.0512820512821,112,282,39.7163120567376,96,123,78.0487804878049,76,312,300,85,67,43,265,149
"412","LA Clippers","Danilo Gallinari",68,2059,1346,248,512,48.4375,161,372,43.2795698924731,367,406,90.3940886699507,54,363,178,99,49,23,129,105
"1116","LA Clippers","Lou Williams",75,1993,1498,379,847,44.7461629279811,105,291,36.0824742268041,425,485,87.6288659793814,40,182,402,181,57,11,80,196
"206","LA Clippers","Tobias Harris",55,1904,1152,312,597,52.2613065326633,112,258,43.4108527131783,192,219,87.6712328767123,37,395,150,109,40,24,123,15
"219","LA Clippers","Avery Bradley",49,1463,400,103,248,41.5322580645161,58,172,33.7209302325581,20,25,80,35,96,96,61,27,16,133,-65
"1312","LA Clippers","Marcin Gortat",47,750,233,99,186,53.2258064516129,0,0,0,35,48,72.9166666666667,67,194,65,50,6,24,92,-98
"1412","LA Clippers","Mike Scott",52,748,248,40,97,41.2371134020619,52,133,39.0977443609023,12,18,66.6666666666667,24,150,44,27,17,8,88,33
"1012","LA Clippers","Landry Shamet",25,694,273,19,59,32.2033898305085,68,151,45.0331125827815,31,39,79.4871794871795,7,49,58,19,13,2,49,93
"2110","LA Clippers","Tyrone Wallace",62,628,218,88,198,44.4444444444444,4,19,21.0526315789474,30,57,52.6315789473684,20,81,42,36,21,7,83,56
"612","LA Clippers","Ivica Zubac",26,523,244,100,186,53.763440860215,0,0,0,44,60,73.3333333333333,61,139,38,37,10,24,64,19
"512","LA Clippers","Garrett Temple",26,510,123,26,52,50,16,54,29.6296296296296,23,31,74.1935483870968,10,54,37,16,26,5,70,15
"712","LA Clippers","JaMychal Green",24,471,208,46,84,54.7619047619048,33,80,41.25,17,21,80.9523809523809,32,125,14,23,12,8,70,-12
"312","LA Clippers","Boban Marjanovic",36,376,242,85,138,61.5942028985507,0,2,0,72,95,75.7894736842105,55,97,22,37,11,17,57,-8
"812","LA Clippers","Jerome Robinson",33,321,112,26,53,49.0566037735849,18,57,31.5789473684211,6,9,66.6666666666667,3,38,19,13,11,3,46,-23
"197","LA Clippers","Sindarius Thornwell",64,313,62,14,34,41.1764705882353,3,15,20,25,34,73.5294117647059,5,39,18,20,14,7,41,-38
"224","LA Clippers","Wilson Chandler",15,226,64,10,26,38.4615384615385,13,40,32.5,5,7,71.4285714285714,4,43,10,7,3,3,29,-42
"912","LA Clippers","Johnathan Motley",22,156,102,39,70,55.7142857142857,0,3,0,24,40,60,18,33,11,16,5,3,27,-34
"1512","LA Clippers","Milos Teodosic",15,150,48,7,13,53.8461538461538,10,27,37.037037037037,4,7,57.1428571428571,3,13,32,21,3,1,27,26
"1214","LA Clippers","Luc Mbah a Moute",4,61,20,6,12,50,2,6,33.3333333333333,2,5,40,2,5,2,2,1,1,8,11
"160","LA Clippers","Angel Delgado",2,15,3,1,5,20,0,0,0,1,2,50,2,2,0,0,1,0,2,3
"1117","Los Angeles Lakers","Kyle Kuzma",70,2314,1308,368,665,55.3383458646617,128,422,30.3317535545024,188,250,75.2,60,322,178,133,41,26,170,-58
"1013","Los Angeles Lakers","Kentavious Caldwell-Pope",82,2035,938,174,321,54.2056074766355,151,435,34.7126436781609,137,158,86.7088607594937,48,190,110,65,73,13,137,-156
"1313","Los Angeles Lakers","LeBron James",55,1937,1505,447,768,58.203125,111,327,33.9449541284404,278,418,66.5071770334928,57,408,454,197,72,33,94,116
"313","Los Angeles Lakers","Brandon Ingram",52,1760,950,331,635,52.1259842519685,31,94,32.9787234042553,195,289,67.4740484429066,41,226,154,129,28,31,149,-59
"913","Los Angeles Lakers","Josh Hart",67,1715,525,97,190,51.0526315789474,92,274,33.5766423357664,55,80,68.75,35,213,93,58,64,40,147,0
"613","Los Angeles Lakers","JaVale McGee",75,1671,897,399,629,63.4340222575517,1,12,8.33333333333333,96,152,63.1578947368421,195,371,52,108,47,148,208,-158
"1413","Los Angeles Lakers","Lonzo Ball",47,1423,465,110,228,48.2456140350877,75,228,32.8947368421053,20,48,41.6666666666667,54,197,255,103,69,19,114,-16
"189","Los Angeles Lakers","Rajon Rondo",46,1369,424,124,290,42.7586206896552,51,142,35.9154929577465,23,36,63.8888888888889,34,209,367,127,57,7,100,-245
"1215","Los Angeles Lakers","Lance Stephenson",68,1123,491,111,235,47.2340425531915,73,197,37.0558375634518,50,73,68.4931506849315,32,183,140,86,41,7,111,-110
"225","Los Angeles Lakers","Tyson Chandler",48,786,147,53,86,61.6279069767442,0,1,0,41,69,59.4202898550725,85,183,31,35,19,22,89,31
"170","Los Angeles Lakers","Alex Caruso",25,531,229,53,123,43.0894308943089,24,50,48,51,64,79.6875,20,47,77,42,24,9,54,46
"198","Los Angeles Lakers","Reggie Bullock",19,524,177,29,54,53.7037037037037,34,99,34.3434343434343,17,21,80.9523809523809,2,48,20,11,16,7,30,-59
"513","Los Angeles Lakers","Ivica Zubac",33,516,281,112,193,58.0310880829015,0,0,0,57,66,86.3636363636364,54,108,25,33,4,27,73,22
"1713","Los Angeles Lakers","Moritz Wagner",43,446,207,49,94,52.1276595744681,22,77,28.5714285714286,43,53,81.1320754716981,17,68,24,39,11,13,57,-97
"2111","Los Angeles Lakers","Svi Mykhailiuk",39,420,127,17,47,36.1702127659575,27,85,31.7647058823529,12,20,60,8,26,33,20,13,1,25,5
"813","Los Angeles Lakers","Johnathan Williams",24,372,157,65,108,60.1851851851852,0,2,0,27,48,56.25,48,51,13,16,8,7,62,55
"1513","Los Angeles Lakers","Michael Beasley",26,277,181,72,136,52.9411764705882,3,17,17.6470588235294,28,39,71.7948717948718,13,47,25,27,9,10,42,-39
"1613","Los Angeles Lakers","Mike Muscala",17,265,100,15,26,57.6923076923077,21,57,36.8421052631579,7,8,87.5,6,38,14,5,4,11,18,-29
"713","Los Angeles Lakers","Jemerrio Jones",6,143,27,10,23,43.4782608695652,2,10,20,1,2,50,16,33,13,5,7,5,10,28
"413","Los Angeles Lakers","Isaac Bonga",22,120,19,5,25,20,0,8,0,9,15,60,9,16,15,6,9,4,9,13
"207","Los Angeles Lakers","Scott Machado",4,19,10,3,5,60,1,1,100,1,1,100,0,0,3,0,1,0,2,0
"220","Los Angeles Lakers","Andre Ingram",4,15,0,0,3,0,0,3,0,0,0,0,1,1,0,1,1,0,0,5
"226","Memphis Grizzlies","Mike Conley",70,2342,1478,335,694,48.2708933717579,155,426,36.3849765258216,343,406,84.4827586206897,40,199,449,130,94,22,123,23
"2112","Memphis Grizzlies","Marc Gasol",53,1788,834,227,462,49.1341991341991,76,221,34.3891402714932,152,201,75.6218905472637,56,399,248,119,60,63,147,-49
"1014","Memphis Grizzlies","Garrett Temple",49,1530,463,92,177,51.9774011299435,74,210,35.2380952380952,57,76,75,18,134,69,54,50,25,134,-99
"1314","Memphis Grizzlies","Jaren Jackson Jr",58,1515,798,247,447,55.2572706935123,51,142,35.9154929577465,151,197,76.6497461928934,73,199,64,98,52,82,220,-103
"1810","Memphis Grizzlies","Justin Holiday",44,1282,417,84,188,44.6808510638298,65,195,33.3333333333333,54,60,90,27,127,61,57,54,15,85,-137
"199","Memphis Grizzlies","Kyle Anderson",43,1282,346,141,242,58.2644628099173,9,34,26.4705882352941,37,64,57.8125,48,203,128,58,54,37,112,-59
"242","Memphis Grizzlies","Shelvin Mack",53,1204,421,115,261,44.0613026819923,46,128,35.9375,53,75,70.6666666666667,18,84,182,62,45,4,81,-204
"1216","Memphis Grizzlies","JaMychal Green",41,900,403,113,216,52.3148148148148,38,96,39.5833333333333,63,80,78.75,72,180,36,64,33,26,123,-202
"714","Memphis Grizzlies","Delon Wright",26,802,316,95,187,50.8021390374332,20,78,25.6410256410256,66,89,74.1573033707865,29,112,138,40,42,15,50,44
"314","Memphis Grizzlies","Bruno Caboclo",34,800,282,48,95,50.5263157894737,48,130,36.9230769230769,42,50,84,42,116,50,38,14,33,81,0
"1118","Memphis Grizzlies","Ivan Rabb",49,721,284,113,197,57.3604060913706,3,15,20,49,69,71.0144927536232,70,136,54,35,17,14,90,-94
"1514","Memphis Grizzlies","Joakim Noah",42,692,298,110,212,51.8867924528302,0,1,0,78,109,71.5596330275229,58,180,89,50,20,31,96,4
"1414","Memphis Grizzlies","Jevon Carter",39,577,172,22,83,26.5060240963855,34,102,33.3333333333333,26,32,81.25,14,52,69,33,26,11,55,-89
"1614","Memphis Grizzlies","Jonas Valanciunas",19,527,379,147,261,56.3218390804598,5,18,27.7777777777778,70,91,76.9230769230769,52,151,41,51,6,30,64,1
"233","Memphis Grizzlies","Omri Casspi",36,520,226,71,118,60.1694915254237,15,43,34.8837209302326,39,58,67.2413793103448,17,98,26,23,20,9,35,19
"514","Memphis Grizzlies","Chandler Parsons",25,496,187,39,88,44.3181818181818,29,94,30.8510638297872,22,25,88,4,66,43,32,19,5,45,-46
"271","Memphis Grizzlies","Wayne Selden",32,455,172,45,98,45.9183673469388,20,63,31.7460317460317,22,29,75.8620689655172,16,28,36,23,10,6,48,-60
"252","Memphis Grizzlies","Tyler Dorsey",21,447,206,41,82,50,34,93,36.5591397849462,22,35,62.8571428571429,18,52,39,17,7,1,33,-43
"227","Memphis Grizzlies","Avery Bradley",14,442,225,59,115,51.304347826087,28,73,38.3561643835616,23,25,92,8,36,56,28,14,0,34,-17
"208","Memphis Grizzlies","MarShon Brooks",29,387,190,61,115,53.0434782608696,15,54,27.7777777777778,23,33,69.6969696969697,12,33,25,21,9,4,33,-23
"814","Memphis Grizzlies","Dillon Brooks",18,330,135,34,82,41.4634146341463,15,40,37.5,22,30,73.3333333333333,9,22,16,19,10,4,50,-16
"414","Memphis Grizzlies","CJ Miles",13,294,121,18,39,46.1538461538462,24,66,36.3636363636364,13,14,92.8571428571429,1,26,14,9,8,5,17,84
"1714","Memphis Grizzlies","Julian Washburn",18,254,40,11,24,45.8333333333333,5,24,20.8333333333333,3,4,75,8,33,14,7,13,2,16,-22
"281","Memphis Grizzlies","Yuta Watanabe",15,174,39,13,35,37.1428571428571,2,16,12.5,7,10,70,4,27,8,6,4,1,11,20
"262","Memphis Grizzlies","Tyler Zeller",4,82,46,16,28,57.1428571428571,0,0,0,14,18,77.7777777777778,9,9,3,4,1,3,16,20
"914","Memphis Grizzlies","Dusty Hannahs",2,26,8,3,7,42.8571428571429,0,5,0,2,2,100,0,1,5,1,1,0,1,-10
"614","Memphis Grizzlies","DJ Stephens",1,7,2,1,2,50,0,0,0,0,0,0,0,0,0,1,1,0,0,-3
"180","Memphis Grizzlies","Andrew Harrison",1,5,2,1,1,100,0,1,0,0,0,0,0,0,0,0,0,0,1,-4
"1015","Miami Heat","Josh Richardson",73,2539,1209,259,566,45.7597173144876,164,460,35.6521739130435,199,231,86.1471861471861,54,209,298,113,79,34,200,68
"1119","Miami Heat","Justise Winslow",66,1960,830,228,493,46.2474645030426,96,256,37.5,86,137,62.7737226277372,63,292,282,142,72,19,177,119
"190","Miami Heat","Bam Adebayo",82,1913,729,277,471,58.8110403397028,3,15,20,166,226,73.4513274336283,165,432,184,121,71,65,203,21
"515","Miami Heat","Dwyane Wade",72,1885,1083,330,699,47.2103004291845,86,261,32.9501915708812,165,233,70.8154506437768,69,216,301,166,59,38,118,-68
"1217","Miami Heat","Kelly Olynyk",79,1812,787,148,245,60.4081632653061,113,319,35.423197492163,152,185,82.1621621621622,72,303,140,114,53,37,183,106
"815","Miami Heat","Hassan Whiteside",72,1674,887,386,664,58.1325301204819,2,16,12.5,109,243,44.8559670781893,257,560,56,97,46,136,192,19
"1315","Miami Heat","Rodney McGruder",66,1550,503,107,236,45.3389830508475,79,225,35.1111111111111,52,72,72.2222222222222,60,178,112,64,36,12,115,-38
"915","Miami Heat","James Johnson",55,1164,428,114,230,49.5652173913044,50,149,33.5570469798658,50,70,71.4285714285714,22,154,135,74,35,27,114,-105
"228","Miami Heat","Derrick Jones Jr",60,1154,422,132,233,56.6523605150215,28,91,30.7692307692308,74,122,60.655737704918,96,144,37,43,46,42,123,-22
"315","Miami Heat","Dion Waiters",44,1138,527,89,189,47.0899470899471,109,289,37.7162629757785,22,44,50,7,109,121,64,29,9,72,-38
"1515","Miami Heat","Tyler Johnson",44,1123,475,99,197,50.253807106599,72,204,35.2941176470588,61,88,69.3181818181818,19,102,112,63,40,21,72,-60
"715","Miami Heat","Goran Dragic",36,991,494,122,269,45.3531598513011,57,164,34.7560975609756,79,101,78.2178217821782,20,91,174,71,30,5,81,42
"1715","Miami Heat","Wayne Ellington",25,533,209,12,29,41.3793103448276,57,155,36.7741935483871,14,16,87.5,6,41,29,14,24,3,40,-88
"415","Miami Heat","Duncan Robinson",15,161,50,8,11,72.7272727272727,10,35,28.5714285714286,4,6,66.6666666666667,2,17,5,4,5,0,11,-33
"1615","Miami Heat","Udonis Haslem",10,75,25,11,21,52.3809523809524,0,12,0,3,4,75,3,24,2,3,0,0,9,-32
"1415","Miami Heat","Ryan Anderson",10,44,7,0,3,0,2,6,33.3333333333333,1,2,50,4,5,2,2,1,0,2,9
"1811","Miami Heat","Yante Maten",2,13,2,1,3,33.3333333333333,0,1,0,0,0,0,1,2,0,0,1,0,0,4
"615","Miami Heat","Emanuel Terry",1,3,1,0,1,0,0,0,0,1,2,50,1,0,1,0,0,0,0,1
"1416","Milwaukee Bucks","Khris Middleton",77,2393,1407,327,674,48.5163204747774,179,474,37.7637130801688,216,258,83.7209302325581,50,411,331,174,80,7,172,552
"916","Milwaukee Bucks","Giannis Antetokounmpo",72,2358,1994,669,1044,64.0804597701149,52,203,25.615763546798,500,686,72.8862973760933,159,739,424,268,92,110,232,652
"229","Milwaukee Bucks","Brook Lopez",81,2322,1009,168,274,61.3138686131387,187,512,36.5234375,112,133,84.2105263157895,33,363,98,82,51,179,189,584
"616","Milwaukee Bucks","Eric Bledsoe",78,2272,1241,346,594,58.2491582491582,124,377,32.8912466843501,177,236,75,82,280,430,165,116,29,156,561
"1516","Milwaukee Bucks","Malcolm Brogdon",64,1832,1001,274,504,54.3650793650794,104,244,42.6229508196721,141,152,92.7631578947368,65,223,205,91,46,13,102,425
"234","Milwaukee Bucks","Tony Snell",74,1304,444,82,157,52.2292993630573,81,204,39.7058823529412,37,42,88.0952380952381,29,128,68,23,26,18,90,172
"1812","Milwaukee Bucks","Pat Connaughton",61,1261,421,97,150,64.6666666666667,66,200,33,29,40,72.5,61,197,122,33,33,25,81,118
"716","Milwaukee Bucks","Ersan Ilyasova",67,1231,453,109,221,49.3212669683258,58,160,36.25,61,74,82.4324324324324,94,208,52,48,32,20,172,239
"209","Milwaukee Bucks","Sterling Brown",58,1034,372,92,165,55.7575757575758,53,147,36.0544217687075,29,42,69.0476190476191,29,155,84,46,25,8,88,-1
"816","Milwaukee Bucks","George Hill",47,958,318,80,144,55.5555555555556,35,125,28,53,65,81.5384615384615,27,94,99,31,40,7,67,189
"416","Milwaukee Bucks","DJ Wilson",48,882,280,58,124,46.7741935483871,46,127,36.2204724409449,26,47,55.3191489361702,45,177,52,32,18,20,85,81
"516","Milwaukee Bucks","Donte DiVincenzo",27,411,131,28,41,68.2926829268293,22,83,26.5060240963855,9,12,75,16,49,31,19,13,6,38,107
"2113","Milwaukee Bucks","Thon Maker",35,409,164,33,56,58.9285714285714,26,78,33.3333333333333,20,37,54.0540540540541,17,79,18,9,10,18,55,33
"1716","Milwaukee Bucks","Nikola Mirotic",14,320,163,25,48,52.0833333333333,31,87,35.632183908046,20,23,86.9565217391304,14,61,20,11,10,9,21,86
"2210","Milwaukee Bucks","Tim Frazier",12,211,75,18,42,42.8571428571429,10,24,41.6666666666667,9,13,69.2307692307692,9,22,42,16,5,1,19,-40
"1316","Milwaukee Bucks","John Henson",14,188,79,20,36,55.5555555555556,11,31,35.4838709677419,6,10,60,16,55,14,12,7,11,16,1
"1100","Milwaukee Bucks","Bonzie Colson",8,98,39,8,18,44.4444444444444,5,21,23.8095238095238,8,9,88.8888888888889,8,22,3,3,5,1,3,-22
"1616","Milwaukee Bucks","Matthew Dellavedova",12,97,20,2,8,25,4,11,36.3636363636364,4,4,100,0,10,29,11,2,0,9,-13
"316","Milwaukee Bucks","Christian Wood",13,62,37,9,20,45,3,5,60,10,15,66.6666666666667,4,16,2,3,0,0,3,-25
"1120","Milwaukee Bucks","Jason Smith",6,40,13,1,4,25,3,9,33.3333333333333,2,2,100,3,8,1,5,2,2,6,-35
"1016","Milwaukee Bucks","Isaiah Canaan",4,31,6,0,1,0,2,5,40,0,0,0,1,3,3,2,0,1,2,-25
"1910","Milwaukee Bucks","Pau Gasol",3,30,4,0,3,0,1,3,33.3333333333333,1,2,50,0,10,2,2,0,1,1,-18
"1218","Milwaukee Bucks","Jaylen Morris",4,29,10,3,7,42.8571428571429,1,3,33.3333333333333,1,2,50,0,5,4,1,2,0,1,12
"243","Milwaukee Bucks","Trevon Duval",3,6,5,1,2,50,1,1,100,0,0,0,0,1,2,0,0,0,0,2
"1517","Minnesota Timberwolves","Karl-Anthony Towns",77,2545,1880,539,959,56.2043795620438,142,355,40,376,450,83.5555555555556,263,691,259,240,67,125,292,56
"1101","Minnesota Timberwolves","Andrew Wiggins",73,2543,1321,380,861,44.1347270615563,118,348,33.9080459770115,207,296,69.9324324324324,83,269,184,138,70,48,153,-66
"1417","Minnesota Timberwolves","Josh Okogie",74,1757,570,136,293,46.4163822525597,60,215,27.906976744186,118,162,72.8395061728395,41,177,91,63,88,33,166,-51
"2010","Minnesota Timberwolves","Taj Gibson",70,1686,753,293,503,58.2504970178926,11,34,32.3529411764706,134,177,75.7062146892655,172,286,84,73,53,39,186,-81
"517","Minnesota Timberwolves","Dario Saric",68,1627,714,159,311,51.1254019292604,97,253,38.3399209486166,105,120,87.5,105,266,101,72,41,6,143,-41
"2114","Minnesota Timberwolves","Tyus Jones",68,1560,468,145,320,45.3125,40,126,31.7460317460317,58,69,84.0579710144928,23,111,327,47,81,5,78,-2
"617","Minnesota Timberwolves","Derrick Rose",51,1392,917,309,607,50.9060955518946,54,146,36.986301369863,137,160,85.625,33,107,220,82,31,12,57,36
"1121","Minnesota Timberwolves","Jeff Teague",42,1264,510,141,311,45.3376205787781,35,105,33.3333333333333,123,153,80.3921568627451,16,90,343,97,43,18,90,0
"230","Minnesota Timberwolves","Anthony Tolliver",65,1079,326,18,44,40.9090909090909,81,215,37.6744186046512,47,60,78.3333333333333,15,162,46,36,17,21,91,-66
"717","Minnesota Timberwolves","Gorgui Dieng",76,1031,485,170,321,52.9595015576324,19,56,33.9285714285714,88,106,83.0188679245283,81,230,72,57,48,41,134,-117
"1911","Minnesota Timberwolves","Robert Covington",22,763,318,51,97,52.5773195876289,55,148,37.1621621621622,51,66,77.2727272727273,21,105,32,25,50,24,81,45
"1219","Minnesota Timberwolves","Jerryd Bayless",34,657,209,53,132,40.1515151515151,29,98,29.5918367346939,16,28,57.1428571428571,11,51,119,32,18,2,56,-161
"1617","Minnesota Timberwolves","Keita Bates-Diop",30,503,151,47,90,52.2222222222222,13,52,25,18,28,64.2857142857143,16,67,17,14,18,14,29,-53
"1717","Minnesota Timberwolves","Luol Deng",22,392,157,45,74,60.8108108108108,14,44,31.8181818181818,25,35,71.4285714285714,20,53,18,14,15,8,24,87
"1317","Minnesota Timberwolves","Jimmy Butler",10,361,213,57,112,50.8928571428571,17,45,37.7777777777778,48,61,78.6885245901639,16,36,43,14,24,10,18,-61
"417","Minnesota Timberwolves","Cameron Reynolds",19,259,95,12,27,44.4444444444444,21,51,41.1764705882353,8,9,88.8888888888889,4,27,13,5,6,2,26,-26
"317","Minnesota Timberwolves","CJ Williams",15,128,39,12,19,63.1578947368421,5,16,31.25,0,1,0,1,7,12,5,6,0,16,-49
"1017","Minnesota Timberwolves","Jared Terrell",14,111,31,8,22,36.3636363636364,4,17,23.5294117647059,3,6,50,1,5,12,10,3,2,16,-27
"817","Minnesota Timberwolves","Isaiah Canaan",7,95,33,4,10,40,7,19,36.8421052631579,4,4,100,0,5,19,4,2,1,4,-22
"917","Minnesota Timberwolves","James Nunnally",13,64,27,4,8,50,5,13,38.4615384615385,4,4,100,0,4,5,1,1,0,4,-15
"1813","Minnesota Timberwolves","Mitchell Creek",1,12,6,3,5,60,0,1,0,0,0,0,1,1,1,1,1,0,0,-1
"1318","New Orleans Pelicans","Jrue Holiday",67,2402,1420,429,796,53.894472361809,118,363,32.5068870523416,208,271,76.7527675276753,75,259,518,210,109,54,148,231
"1418","New Orleans Pelicans","Julius Randle",73,2232,1565,504,894,56.3758389261745,67,195,34.3589743589744,356,487,73.1006160164271,162,472,229,208,52,45,246,-12
"235","New Orleans Pelicans","Anthony Davis",56,1850,1452,482,881,54.7105561861521,48,145,33.1034482758621,344,433,79.445727482679,174,498,218,112,88,135,132,133
"618","New Orleans Pelicans","Darius Miller",69,1758,567,56,120,46.6666666666667,133,364,36.5384615384615,56,71,78.8732394366197,14,114,146,59,40,23,165,17
"718","New Orleans Pelicans","ETwaun Moore",53,1463,633,180,356,50.561797752809,76,176,43.1818181818182,45,59,76.271186440678,35,92,102,59,40,8,112,9
"818","New Orleans Pelicans","Elfrid Payton",42,1250,446,146,307,47.557003257329,33,105,31.4285714285714,55,74,74.3243243243243,49,171,320,112,44,17,81,-69
"918","New Orleans Pelicans","Frank Jackson",61,1169,495,141,278,50.7194244604317,53,169,31.3609467455621,54,73,73.972602739726,25,109,69,48,25,2,92,-135
"1518","New Orleans Pelicans","Kenrich Williams",46,1079,279,55,123,44.7154471544715,52,156,33.3333333333333,13,19,68.4210526315789,55,164,83,36,45,19,95,-87
"1018","New Orleans Pelicans","Ian Clark",60,973,401,85,181,46.9613259668508,66,202,32.6732673267327,33,37,89.1891891891892,13,76,94,58,22,8,95,-55
"1122","New Orleans Pelicans","Jahlil Okafor",59,935,484,211,357,59.1036414565826,1,5,20,59,89,66.2921348314607,82,196,40,52,15,40,96,-118
"1618","New Orleans Pelicans","Nikola Mirotic",32,925,534,97,176,55.1136363636364,85,231,36.7965367965368,85,101,84.1584158415842,46,218,35,37,21,25,86,32
"1912","New Orleans Pelicans","Tim Frazier",47,909,235,61,118,51.6949152542373,27,77,35.0649350649351,32,41,78.0487804878049,32,105,206,60,25,4,93,-27
"318","New Orleans Pelicans","Cheick Diallo",64,896,387,167,267,62.5468164794007,1,4,25,50,67,74.6268656716418,75,257,33,49,29,33,113,-88
"1718","New Orleans Pelicans","Solomon Hill",44,879,191,36,77,46.7532467532467,32,101,31.6831683168317,23,32,71.875,34,99,55,31,23,10,80,-127
"2011","New Orleans Pelicans","Wesley Johnson",26,377,95,16,38,42.1052631578947,19,50,38,6,9,66.6666666666667,10,44,16,12,12,7,45,-87
"1814","New Orleans Pelicans","Stanley Johnson",18,247,96,27,57,47.3684210526316,11,34,32.3529411764706,9,13,69.2307692307692,9,33,28,26,12,1,22,-78
"418","New Orleans Pelicans","Christian Wood",8,189,135,43,71,60.5633802816901,6,21,28.5714285714286,31,41,75.609756097561,13,50,6,14,7,10,14,-28
"518","New Orleans Pelicans","Dairis Bertans",12,167,34,2,13,15.3846153846154,10,34,29.4117647058824,0,0,0,2,7,10,2,1,0,7,-50
"1102","New Orleans Pelicans","Andrew Harrison",6,38,9,1,2,50,2,10,20,1,2,50,2,3,7,2,0,0,7,-6
"1220","New Orleans Pelicans","Jason Smith",2,20,8,0,2,0,2,7,28.5714285714286,2,2,100,2,2,1,1,0,0,3,0
"1419","New York Knicks","Kevin Knox",75,2158,963,213,550,38.7272727272727,125,364,34.3406593406593,162,226,71.6814159292035,61,274,82,114,43,24,175,-638
"419","New York Knicks","Damyean Dotson",73,2004,779,164,356,46.0674157303371,126,342,36.8421052631579,73,98,74.4897959183673,34,228,135,71,58,10,135,-327
"1913","New York Knicks","Noah Vonleh",68,1722,571,161,303,53.1353135313531,46,137,33.5766423357664,111,156,71.1538461538462,113,415,129,88,46,51,174,-293
"719","New York Knicks","Emmanuel Mudiay",59,1607,873,261,530,49.2452830188679,69,210,32.8571428571429,144,186,77.4193548387097,33,163,228,140,43,19,103,-357
"2115","New York Knicks","Tim Hardaway Jr",46,1499,880,165,389,42.4164524421594,117,337,34.7181008902077,199,233,85.4077253218884,26,135,122,81,42,6,106,-329
"1103","New York Knicks","Allonzo Trier",64,1459,695,180,386,46.6321243523316,52,132,39.3939393939394,179,223,80.2690582959641,31,166,119,116,28,14,117,-205
"1815","New York Knicks","Mitchell Robinson",66,1360,485,202,291,69.4158075601375,0,0,0,81,135,60,177,246,37,35,52,161,217,-202
"1719","New York Knicks","Mario Hezonja",58,1206,511,149,312,47.7564102564103,42,152,27.6315789473684,87,114,76.3157894736842,28,211,88,88,57,8,110,-262
"819","New York Knicks","Enes Kanter",44,1128,614,244,446,54.7085201793722,7,22,31.8181818181818,105,129,81.3953488372093,171,290,84,79,18,17,106,-216
"919","New York Knicks","Frank Ntilikina",43,904,246,62,167,37.125748502994,33,115,28.695652173913,23,30,76.6666666666667,12,75,121,56,30,14,104,-185
"1619","New York Knicks","Luke Kornet",46,784,322,37,90,41.1111111111111,70,193,36.2694300518135,38,46,82.6086956521739,28,107,54,25,27,42,41,-57
"1519","New York Knicks","Lance Thomas",46,783,205,56,118,47.4576271186441,22,79,27.8481012658228,27,36,75,21,96,27,24,17,7,83,-189
"2211","New York Knicks","Trey Burke",33,689,388,118,272,43.3823529411765,30,86,34.8837209302326,62,75,82.6666666666667,15,47,94,29,21,5,33,-89
"619","New York Knicks","Dennis Smith Jr",21,600,308,97,210,46.1904761904762,24,83,28.9156626506024,42,74,56.7567567567568,14,44,114,54,27,9,47,-99
"519","New York Knicks","DeAndre Jordan",19,493,207,78,123,63.4146341463415,0,0,0,51,66,77.2727272727273,64,152,57,42,9,20,42,-198
"1319","New York Knicks","Kadeem Allen",19,416,189,48,105,45.7142857142857,17,36,47.2222222222222,42,54,77.7777777777778,8,43,76,26,16,4,46,-37
"1221","New York Knicks","John Jenkins",22,319,115,20,47,42.5531914893617,20,56,35.7142857142857,15,18,83.3333333333333,6,30,21,9,0,2,10,-51
"1019","New York Knicks","Henry Ellenson",17,234,102,20,51,39.2156862745098,15,34,44.1176470588235,17,23,73.9130434782609,5,52,15,9,7,2,25,-2
"319","New York Knicks","Courtney Lee",12,160,56,16,31,51.6129032258064,5,16,31.25,9,14,64.2857142857143,6,21,16,5,8,2,13,-20
"2012","New York Knicks","Ron Baker",11,107,14,3,7,42.8571428571429,1,9,11.1111111111111,5,6,83.3333333333333,1,6,13,3,5,0,16,-1
"236","New York Knicks","Billy Garrett",4,63,26,11,19,57.8947368421053,0,8,0,4,4,100,0,3,7,2,1,1,3,-16
"237","New York Knicks","Wesley Matthews",2,54,14,2,9,22.2222222222222,2,10,20,4,5,80,1,2,5,2,1,1,2,0
"1123","New York Knicks","Isaiah Hicks",3,32,12,4,8,50,0,0,0,4,5,80,2,5,2,1,1,3,5,-2
"1222","Oklahoma City Thunder","Paul George",77,2841,2159,415,857,48.4247374562427,292,757,38.5733157199472,453,540,83.8888888888889,105,523,318,205,170,34,214,496
"1520","Oklahoma City Thunder","Steven Adams",80,2669,1108,481,807,59.6034696406444,0,2,0,146,292,50,391,369,124,135,117,76,204,389
"1420","Oklahoma City Thunder","Russell Westbrook",73,2629,1675,511,1062,48.1167608286252,119,411,28.9537712895377,296,451,65.6319290465632,109,698,784,325,142,33,245,294
"820","Oklahoma City Thunder","Jerami Grant",80,2612,1090,294,530,55.4716981132075,115,293,39.2491467576792,157,221,71.0407239819005,96,321,79,67,61,100,214,300
"320","Oklahoma City Thunder","Dennis Schroder",79,2314,1224,333,740,45,124,364,34.0659340659341,186,227,81.9383259911894,38,246,323,172,65,12,189,167
"1620","Oklahoma City Thunder","Terrance Ferguson",74,1931,513,79,141,56.0283687943262,106,290,36.551724137931,37,51,72.5490196078431,33,108,72,47,40,16,231,141
"1020","Oklahoma City Thunder","Nerlens Noel",77,1056,378,162,276,58.695652173913,0,0,0,54,79,68.3544303797468,127,198,45,48,66,96,166,-75
"1124","Oklahoma City Thunder","Patrick Patterson",63,861,229,36,82,43.9024390243902,46,137,33.5766423357664,19,30,63.3333333333333,42,105,31,22,16,13,46,-110
"1104","Oklahoma City Thunder","Abdel Nader",61,694,241,59,115,51.304347826087,32,100,32,27,36,75,14,102,20,26,20,12,68,-154
"238","Oklahoma City Thunder","Alex Abrines",31,588,165,15,30,50,41,127,32.2834645669291,12,13,92.3076923076923,5,43,20,14,17,6,53,29
"620","Oklahoma City Thunder","Hamidou Diallo",51,526,190,71,141,50.354609929078,4,24,16.6666666666667,36,59,61.0169491525424,38,59,17,23,21,10,77,-76
"920","Oklahoma City Thunder","Markieff Morris",24,387,156,41,97,42.2680412371134,20,59,33.8983050847458,14,19,73.6842105263158,20,71,19,7,11,2,58,-1
"1320","Oklahoma City Thunder","Raymond Felton",33,379,142,35,74,47.2972972972973,20,61,32.7868852459016,12,13,92.3076923076923,4,30,52,14,10,6,29,15
"420","Oklahoma City Thunder","Deonte Burton",32,240,82,25,55,45.4545454545455,8,27,29.6296296296296,8,12,66.6666666666667,4,24,9,9,6,8,31,27
"1720","Oklahoma City Thunder","Timothe Luwawu-Cabarrot",21,123,35,8,21,38.0952380952381,5,22,22.7272727272727,4,6,66.6666666666667,4,14,4,5,4,1,14,-45
"520","Oklahoma City Thunder","Donte Grantham",3,2,0,0,0,0,0,2,0,0,0,0,0,0,0,0,0,0,0,-2
"720","Oklahoma City Thunder","Jawun Evans",1,1,0,0,0,0,0,1,0,0,0,0,0,0,0,0,0,0,0,0
"1816","Oklahoma City Thunder","Tyler Davis",1,1,0,0,1,0,0,0,0,0,0,0,1,0,0,0,0,0,0,0
"1105","Orlando Magic","Aaron Gordon",78,2633,1246,349,699,49.928469241774,121,347,34.8703170028818,185,253,73.1225296442688,129,445,289,162,57,56,172,107
"421","Orlando Magic","Evan Fournier",81,2553,1226,315,619,50.8885298869144,153,450,34,137,170,80.5882352941177,38,220,295,154,71,12,225,95
"1421","Orlando Magic","Nikola Vucevic",80,2510,1665,617,1123,54.9421193232413,84,231,36.3636363636364,179,227,78.8546255506608,224,736,307,159,81,89,157,218
"321","Orlando Magic","DJ Augustin",81,2269,948,187,366,51.0928961748634,131,311,42.1221864951768,181,209,86.6028708133971,41,162,426,128,52,4,115,169
"1521","Orlando Magic","Terrence Ross",81,2150,1223,223,461,48.3731019522777,217,566,38.339222614841,126,144,87.5,27,253,135,90,72,29,119,5
"821","Orlando Magic","Jonathan Isaac",75,1996,720,176,345,51.0144927536232,86,266,32.3308270676692,110,135,81.4814814814815,99,312,80,75,59,98,143,8
"1721","Orlando Magic","Wes Iwundu",68,1233,339,84,195,43.0769230769231,29,79,36.7088607594937,84,103,81.5533980582524,37,147,73,44,28,22,123,34
"721","Orlando Magic","Jerian Grant",60,939,250,52,110,47.2727272727273,40,110,36.3636363636364,26,40,65,19,79,156,51,44,6,78,-148
"921","Orlando Magic","Jonathon Simmons",41,845,283,85,203,41.871921182266,19,83,22.8915662650602,56,72,77.7777777777778,23,77,95,56,18,14,68,-132
"1321","Orlando Magic","Mo Bamba",47,766,292,96,173,55.4913294797688,21,70,30,37,63,58.7301587301587,64,169,39,43,13,64,102,-240
"1021","Orlando Magic","Khem Birch",50,643,240,91,150,60.6666666666667,0,1,0,58,83,69.8795180722892,79,111,38,20,18,29,72,44
"521","Orlando Magic","Isaiah Briscoe",39,559,136,44,104,42.3076923076923,11,34,32.3529411764706,15,26,57.6923076923077,5,69,87,31,11,2,66,20
"621","Orlando Magic","Jarell Martin",42,328,115,23,47,48.936170212766,20,57,35.0877192982456,9,11,81.8181818181818,11,62,18,11,3,8,51,31
"1223","Orlando Magic","Michael Carter-Williams",12,227,65,18,43,41.8604651162791,3,19,15.7894736842105,20,27,74.0740740740741,16,41,49,10,11,9,21,67
"239","Orlando Magic","Amile Jefferson",12,68,27,10,16,62.5,0,0,0,7,8,87.5,6,15,3,1,3,3,8,13
"1125","Orlando Magic","Melvin Frazier Jr",10,44,15,7,15,46.6666666666667,0,6,0,1,4,25,3,2,1,1,1,0,6,-9
"1621","Orlando Magic","Troy Caupain",4,16,10,2,5,40,2,3,66.6666666666667,0,0,0,1,2,4,0,1,0,0,8
"240","Philadelphia 76ers","Ben Simmons",79,2700,1337,540,954,56.6037735849057,0,6,0,257,428,60.0467289719626,172,525,610,274,112,61,209,116
"1022","Philadelphia 76ers","JJ Redick",76,2379,1372,212,422,50.2369668246445,240,605,39.6694214876033,228,255,89.4117647058824,20,166,206,101,32,17,129,307
"1322","Philadelphia 76ers","Joel Embiid",64,2154,1761,501,936,53.525641025641,79,263,30.0380228136882,522,649,80.4314329738059,160,711,234,226,46,122,211,373
"1224","Philadelphia 76ers","Jimmy Butler",55,1824,1002,294,599,49.0818030050083,50,148,33.7837837837838,264,304,86.8421052631579,105,185,220,81,99,29,93,221
"2310","Philadelphia 76ers","TJ McConnell",76,1470,483,206,377,54.6419098143236,14,42,33.3333333333333,29,37,78.3783783783784,28,146,258,91,79,17,105,-9
"1722","Philadelphia 76ers","Landry Shamet",54,1108,449,54,102,52.9411764705882,99,245,40.4081632653061,44,54,81.4814814814815,14,64,59,26,24,8,106,-31
"1914","Philadelphia 76ers","Mike Muscala",47,1041,349,41,79,51.8987341772152,68,199,34.1708542713568,63,77,81.8181818181818,51,149,62,43,18,27,112,62
"253","Philadelphia 76ers","Wilson Chandler",36,951,241,45,89,50.561797752809,46,118,38.9830508474576,13,18,72.2222222222222,44,124,72,39,22,18,94,149
"244","Philadelphia 76ers","Tobias Harris",27,944,492,143,264,54.1666666666667,44,135,32.5925925925926,74,88,84.0909090909091,32,181,79,42,11,13,61,2
"722","Philadelphia 76ers","Furkan Korkmaz",48,679,279,51,101,50.4950495049505,47,144,32.6388888888889,36,44,81.8181818181818,16,91,52,25,29,2,62,61
"2013","Philadelphia 76ers","Mike Scott",27,647,211,27,71,38.0281690140845,49,119,41.1764705882353,10,15,66.6666666666667,19,83,22,17,9,5,68,9
"1422","Philadelphia 76ers","Jonah Bolden",44,639,207,46,66,69.6969696969697,34,96,35.4166666666667,13,27,48.1481481481481,47,118,40,36,17,39,99,-29
"1106","Philadelphia 76ers","Amir Johnson",51,529,201,67,117,57.2649572649573,12,40,30,31,41,75.609756097561,47,100,60,45,16,13,99,-70
"2116","Philadelphia 76ers","Robert Covington",13,440,147,20,40,50,30,77,38.961038961039,17,23,73.9130434782609,7,60,14,22,24,23,45,18
"1817","Philadelphia 76ers","Markelle Fultz",19,427,155,61,141,43.2624113475177,4,14,28.5714285714286,21,37,56.7567567567568,26,44,59,25,17,5,52,-8
"522","Philadelphia 76ers","Dario Saric",13,396,144,27,62,43.5483870967742,21,70,30,27,30,90,21,65,26,25,4,3,39,-26
"322","Philadelphia 76ers","Boban Marjanovic",22,305,180,71,112,63.3928571428571,4,8,50,26,36,72.2222222222222,32,81,32,22,5,10,33,11
"1126","Philadelphia 76ers","James Ennis III",18,281,95,23,47,48.936170212766,11,36,30.5555555555556,16,23,69.5652173913043,23,42,14,11,3,7,39,-12
"2212","Philadelphia 76ers","Shake Milton",20,268,87,20,43,46.5116279069767,14,44,31.8181818181818,5,7,71.4285714285714,9,26,18,6,8,8,29,-1
"1522","Philadelphia 76ers","Jonathon Simmons",15,219,83,20,43,46.5116279069767,9,21,42.8571428571429,16,25,64,4,22,33,12,11,1,21,-16
"422","Philadelphia 76ers","Corey Brewer",7,140,53,16,35,45.7142857142857,4,14,28.5714285714286,9,13,69.2307692307692,4,13,10,8,12,2,16,-4
"263","Philadelphia 76ers","Zhaire Smith",6,111,40,8,18,44.4444444444444,6,16,37.5,6,8,75,3,10,10,6,2,2,8,14
"822","Philadelphia 76ers","Greg Monroe",3,52,41,14,22,63.6363636363636,1,1,100,10,11,90.9090909090909,4,9,7,1,1,0,5,5
"922","Philadelphia 76ers","Haywood Highsmith",5,40,9,3,5,60,1,5,20,0,2,0,0,5,2,1,1,0,1,-23
"622","Philadelphia 76ers","Demetrius Jackson",6,39,22,6,9,66.6666666666667,2,6,33.3333333333333,4,4,100,2,1,5,1,2,0,4,-11
"1622","Philadelphia 76ers","Justin Patton",3,21,5,2,5,40,0,2,0,1,2,50,2,4,3,0,2,0,5,-3
"1523","Phoenix Suns","Mikal Bridges",82,2417,684,137,250,54.8,105,313,33.5463258785943,95,118,80.5084745762712,56,208,173,70,129,38,201,-388
"323","Phoenix Suns","Devin Booker",64,2242,1700,451,841,53.6266349583829,135,414,32.6086956521739,393,454,86.5638766519824,39,226,433,264,56,13,200,-331
"245","Phoenix Suns","Deandre Ayton",71,2183,1159,509,866,58.7759815242494,0,4,0,141,189,74.6031746031746,223,506,125,126,61,67,209,-383
"1323","Phoenix Suns","Josh Jackson",79,1988,910,274,616,44.4805194805195,73,225,32.4444444444444,143,213,67.1361502347418,66,281,183,173,74,56,209,-430
"2014","Phoenix Suns","TJ Warren",43,1360,772,220,431,51.0440835266821,77,180,42.7777777777778,101,124,81.4516129032258,31,143,64,52,51,29,119,-225
"1023","Phoenix Suns","Jamal Crawford",64,1211,508,107,236,45.3389830508475,67,202,33.1683168316832,93,110,84.5454545454545,8,77,229,99,33,12,75,-377
"1818","Phoenix Suns","Richaun Holmes",70,1184,572,222,365,60.8219178082192,0,0,0,128,175,73.1428571428571,115,216,60,52,42,79,194,-172
"1423","Phoenix Suns","Kelly Oubre Jr",40,1180,674,176,331,53.1722054380665,67,206,32.5242718446602,121,159,76.1006289308176,47,149,64,73,57,39,110,-144
"1107","Phoenix Suns","DeAnthony Melton",50,984,250,71,161,44.0993788819876,29,95,30.5263157894737,21,28,75,25,109,159,75,68,23,113,-168
"523","Phoenix Suns","Elie Okobo",53,958,304,75,158,47.4683544303797,39,132,29.5454545454545,37,47,78.7234042553192,12,86,127,69,32,7,109,-212
"2117","Phoenix Suns","Trevor Ariza",26,884,258,36,88,40.9090909090909,50,139,35.9712230215827,36,43,83.7209302325581,16,129,87,39,38,8,44,-278
"423","Phoenix Suns","Dragan Bender",46,826,230,66,96,68.75,22,101,21.7821782178218,32,54,59.2592592592593,34,149,56,37,18,22,90,-159
"2213","Phoenix Suns","Troy Daniels",51,760,318,39,81,48.1481481481481,74,194,38.1443298969072,18,23,78.2608695652174,13,60,26,27,26,5,79,-113
"923","Phoenix Suns","Isaiah Canaan",19,503,142,26,57,45.6140350877193,25,72,34.7222222222222,15,20,75,5,44,62,29,12,0,46,-127
"2311","Phoenix Suns","Tyler Johnson",13,406,144,28,69,40.5797101449275,18,56,32.1428571428571,34,39,87.1794871794872,15,37,54,14,14,6,25,-67
"1915","Phoenix Suns","Ryan Anderson",15,278,56,12,26,46.1538461538462,7,34,20.5882352941176,11,14,78.5714285714286,14,31,17,12,3,1,23,-82
"1723","Phoenix Suns","Ray Spalding",13,147,54,25,44,56.8181818181818,0,3,0,4,12,33.3333333333333,15,33,5,9,9,8,23,-19
"1623","Phoenix Suns","Quincy Acy",10,123,17,2,3,66.6666666666667,2,15,13.3333333333333,7,10,70,3,22,8,4,1,4,24,4
"246","Phoenix Suns","Tyson Chandler",7,89,26,8,12,66.6666666666667,0,0,0,10,18,55.5555555555556,7,32,6,7,2,1,21,-67
"1225","Phoenix Suns","Jimmer Fredette",6,65,22,8,16,50,0,13,0,6,6,100,1,6,8,5,3,0,5,-38
"1127","Phoenix Suns","Jawun Evans",7,64,6,3,11,27.2727272727273,0,2,0,0,0,0,1,11,10,6,3,0,8,-51
"623","Phoenix Suns","Emanuel Terry",2,19,9,4,6,66.6666666666667,0,0,0,1,2,50,2,4,1,2,3,0,4,3
"823","Phoenix Suns","George King",1,6,0,0,0,0,0,0,0,0,0,0,0,1,0,0,0,0,0,-9
"723","Phoenix Suns","Eric Moreland",1,5,0,0,0,0,0,0,0,0,0,0,0,3,0,0,0,0,1,3
"524","Portland Trail Blazers","Damian Lillard",80,2838,2067,444,890,49.8876404494382,237,643,36.8584758942457,468,513,91.2280701754386,68,303,551,212,88,34,148,494
"324","Portland Trail Blazers","CJ McCollum",70,2375,1468,404,798,50.6265664160401,167,445,37.5280898876404,159,192,82.8125,62,220,207,106,55,28,172,349
"1108","Portland Trail Blazers","Al-Farouq Aminu",81,2292,760,161,313,51.4376996805112,96,280,34.2857142857143,150,173,86.7052023121387,112,498,104,72,68,33,143,384
"1024","Portland Trail Blazers","Jusuf Nurkic",72,1974,1125,417,797,52.3212045169385,3,29,10.3448275862069,282,365,77.2602739726027,243,505,233,168,71,103,250,428
"724","Portland Trail Blazers","Evan Turner",73,1606,494,193,391,49.3606138107417,11,52,21.1538461538462,75,106,70.7547169811321,37,291,283,114,33,18,110,30
"1128","Portland Trail Blazers","Maurice Harkless",60,1415,460,156,268,58.2089552238806,33,120,27.5,49,73,67.1232876712329,77,192,74,45,67,53,163,237
"1524","Portland Trail Blazers","Seth Curry",74,1399,581,99,214,46.2616822429907,113,251,45.0199203187251,44,52,84.6153846153846,27,93,66,61,36,12,97,132
"1819","Portland Trail Blazers","Zach Collins",77,1356,512,149,279,53.405017921147,40,121,33.0578512396694,94,126,74.6031746031746,109,215,71,77,25,66,174,-11
"924","Portland Trail Blazers","Jake Layman",71,1327,541,157,243,64.6090534979424,59,181,32.5966850828729,50,71,70.4225352112676,56,161,53,46,31,30,116,71
"1226","Portland Trail Blazers","Meyers Leonard",61,878,357,82,131,62.5954198473283,50,111,45.045045045045,43,51,84.3137254901961,49,184,75,43,13,9,105,-77
"1324","Portland Trail Blazers","Nik Stauskas",44,673,267,53,104,50.9615384615385,43,125,34.4,32,36,88.8888888888889,10,70,62,40,14,4,31,-164
"1424","Portland Trail Blazers","Rodney Hood",27,659,258,69,133,51.8796992481203,29,84,34.5238095238095,33,41,80.4878048780488,7,38,34,19,21,7,45,29
"624","Portland Trail Blazers","Enes Kanter",23,512,301,121,203,59.6059113300493,3,12,25,50,68,73.5294117647059,86,112,32,39,14,9,61,28
"424","Portland Trail Blazers","Caleb Swanigan",18,145,35,13,39,33.3333333333333,1,5,20,6,7,85.7142857142857,13,39,7,16,4,0,22,-60
"247","Portland Trail Blazers","Anfernee Simons",20,141,75,18,34,52.9411764705882,10,29,34.4827586206897,9,16,56.25,3,10,13,11,1,0,9,-52
"824","Portland Trail Blazers","Gary Trent Jr",15,111,40,11,29,37.9310344827586,5,21,23.8095238095238,3,7,42.8571428571429,1,10,5,4,1,2,4,-8
"1724","Portland Trail Blazers","Wade Baldwin IV",16,94,30,8,24,33.3333333333333,2,9,22.2222222222222,8,11,72.7272727272727,2,13,12,14,1,2,11,-66
"1624","Portland Trail Blazers","Skal Labissiere",9,63,31,11,17,64.7058823529412,2,2,100,3,6,50,5,14,5,4,3,3,8,-24
"525","Sacramento Kings","Buddy Hield",82,2615,1695,345,709,48.6600846262341,278,651,42.7035330261137,171,193,88.6010362694301,106,306,205,146,58,33,202,0
"825","Sacramento Kings","DeAaron Fox",81,2546,1399,419,870,48.1609195402299,86,232,37.0689655172414,303,417,72.6618705035971,43,261,590,227,133,45,204,68
"1916","Sacramento Kings","Willie Cauley-Stein",81,2213,965,411,739,55.6156968876861,1,2,50,140,254,55.1181102362205,181,497,194,84,96,51,227,54
"425","Sacramento Kings","Bogdan Bogdanovic",70,1947,990,227,491,46.2321792260692,134,372,36.0215053763441,134,162,82.7160493827161,40,203,267,117,72,15,142,-39
"1625","Sacramento Kings","Nemanja Bjelica",77,1788,741,181,336,53.8690476190476,103,257,40.0778210116732,70,92,76.0869565217391,125,319,147,82,54,56,197,82
"1525","Sacramento Kings","Marvin Bagley III",62,1567,923,326,610,53.4426229508197,30,96,31.25,181,262,69.0839694656488,162,309,62,98,33,59,120,-103
"1227","Sacramento Kings","Iman Shumpert",42,1099,374,59,146,40.4109589041096,74,202,36.6336633663366,34,41,82.9268292682927,19,110,91,38,47,20,92,-43
"1325","Sacramento Kings","Justin Jackson",52,1083,346,70,136,51.4705882352941,55,159,34.5911949685535,41,50,82,25,121,68,22,23,13,67,-64
"2015","Sacramento Kings","Yogi Ferrell",71,1067,420,99,203,48.7684729064039,54,149,36.241610738255,60,67,89.5522388059701,13,96,137,40,36,4,64,-55
"1025","Sacramento Kings","Harrison Barnes",28,949,399,88,180,48.8888888888889,53,130,40.7692307692308,64,80,80,21,133,53,30,17,2,43,25
"1129","Sacramento Kings","Harry Giles III",58,820,408,175,342,51.1695906432749,0,6,0,58,91,63.7362637362637,66,156,85,73,31,22,150,-106
"1425","Sacramento Kings","Kosta Koufos",42,502,156,73,153,47.7124183006536,0,0,0,10,24,41.6666666666667,52,125,36,27,15,18,68,-32
"925","Sacramento Kings","Frank Mason",38,435,195,57,105,54.2857142857143,14,64,21.875,39,57,68.4210526315789,6,37,84,36,16,4,34,-146
"725","Sacramento Kings","Corey Brewer",24,352,98,23,44,52.2727272727273,10,30,33.3333333333333,22,30,73.3333333333333,22,37,29,11,20,5,47,5
"1820","Sacramento Kings","Troy Williams",21,312,111,30,54,55.5555555555556,14,44,31.8181818181818,9,15,60,12,47,11,9,10,8,37,-67
"325","Sacramento Kings","Ben McLemore",19,158,75,8,23,34.7826086956522,17,41,41.4634146341463,8,12,66.6666666666667,3,14,4,5,6,3,22,-17
"1109","Sacramento Kings","Alec Burks",13,127,22,9,14,64.2857142857143,0,6,0,4,5,80,2,20,10,4,8,1,7,-13
"1725","Sacramento Kings","Skal Labissiere",13,113,36,9,19,47.3684210526316,4,11,36.3636363636364,6,11,54.5454545454545,4,20,6,7,2,3,21,-6
"625","Sacramento Kings","Caleb Swanigan",3,33,8,4,7,57.1428571428571,0,2,0,0,2,0,4,8,4,2,2,1,6,-1
"248","Sacramento Kings","BJ Johnson",1,6,2,1,1,100,0,1,0,0,0,0,0,0,0,0,0,0,1,-2
"526","San Antonio Spurs","DeMar DeRozan",77,2688,1635,624,1268,49.211356466877,7,45,15.5555555555556,366,441,82.9931972789116,54,408,475,199,86,36,177,10
"1026","San Antonio Spurs","LaMarcus Aldridge",81,2687,1727,674,1277,52.7799530148786,10,42,23.8095238095238,349,412,84.7087378640777,251,493,194,144,43,107,179,90
"1130","San Antonio Spurs","Bryn Forbes",82,2293,967,185,378,48.9417989417989,176,413,42.6150121065375,69,78,88.4615384615385,18,221,175,80,45,4,159,-8
"1326","San Antonio Spurs","Patty Mills",82,1908,811,123,259,47.4903474903475,159,404,39.3564356435644,88,103,85.4368932038835,24,158,245,93,49,10,129,201
"1626","San Antonio Spurs","Rudy Gay",69,1842,946,302,562,53.7366548042705,74,184,40.2173913043478,120,147,81.6326530612245,63,407,182,114,54,34,159,161
"1228","San Antonio Spurs","Marco Belinelli",79,1815,829,138,295,46.7796610169492,147,395,37.2151898734177,112,124,90.3225806451613,16,182,132,72,35,8,121,33
"626","San Antonio Spurs","Derrick White",67,1728,663,212,401,52.8678304239402,48,142,33.8028169014084,95,123,77.2357723577236,35,212,263,97,67,47,145,152
"426","San Antonio Spurs","Davis Bertans",76,1632,606,59,115,51.304347826087,145,338,42.8994082840237,53,60,88.3333333333333,23,241,100,43,35,33,133,257
"926","San Antonio Spurs","Jakob Poeltl",77,1273,423,187,290,64.4827586206897,0,0,0,49,92,53.2608695652174,178,232,93,48,29,68,124,88
"326","San Antonio Spurs","Dante Cunningham",64,928,194,45,93,48.3870967741936,30,65,46.1538461538462,14,18,77.7777777777778,48,140,50,22,27,13,71,-172
"1426","San Antonio Spurs","Pau Gasol",27,330,114,36,78,46.1538461538462,5,10,50,27,38,71.0526315789474,22,105,50,14,5,14,28,-15
"1526","San Antonio Spurs","Quincy Pondexter",53,292,98,23,40,57.5,6,18,33.3333333333333,34,42,80.9523809523809,8,38,24,13,11,1,24,-14
"249","San Antonio Spurs","Chimezie Metu",29,145,51,19,56,33.9285714285714,0,2,0,13,17,76.4705882352941,9,27,13,15,6,2,14,-1
"1131","San Antonio Spurs","Lonnie Walker IV",17,118,45,11,33,33.3333333333333,5,13,38.4615384615385,8,10,80,0,17,9,4,7,3,7,-55
"826","San Antonio Spurs","Drew Eubanks",23,113,41,15,26,57.6923076923077,0,0,0,11,13,84.6153846153846,6,28,7,8,2,5,11,-21
"726","San Antonio Spurs","Donatas Motiejunas",3,13,6,3,6,50,0,0,0,0,2,0,2,1,1,3,0,1,6,-16
"2016","Toronto Raptors","Pascal Siakam",80,2548,1354,440,731,60.1915184678523,79,214,36.9158878504673,237,302,78.476821192053,124,425,248,154,73,52,241,593
"327","Toronto Raptors","Danny Green",80,2215,821,95,195,48.7179487179487,198,435,45.5172413793103,37,44,84.0909090909091,60,257,126,75,73,53,171,638
"1327","Toronto Raptors","Kyle Lowry",65,2213,926,147,286,51.3986013986014,157,453,34.6578366445916,161,194,82.9896907216495,41,271,564,182,91,31,166,536
"1229","Toronto Raptors","Kawhi Leonard",60,2040,1596,448,827,54.1717049576784,112,302,37.0860927152318,364,426,85.4460093896714,78,361,199,121,106,24,87,356
"2214","Toronto Raptors","Serge Ibaka",74,2010,1112,415,708,58.6158192090395,49,169,28.9940828402367,135,177,76.271186440678,156,445,99,113,29,103,211,257
"627","Toronto Raptors","Fred VanVleet",64,1760,701,134,304,44.078947368421,112,296,37.8378378378378,97,115,84.3478260869565,21,146,307,82,57,20,110,298
"1917","Toronto Raptors","OG Anunoby",67,1352,469,116,202,57.4257425742574,67,202,33.1683168316832,36,62,58.0645161290323,58,139,47,55,46,22,140,-49
"1821","Toronto Raptors","Norman Powell",60,1126,516,125,230,54.3478260869565,68,170,40,62,75,82.6666666666667,16,123,91,65,39,13,96,15
"427","Toronto Raptors","Delon Wright",49,897,337,97,203,47.7832512315271,30,90,33.3333333333333,53,61,86.8852459016393,39,86,110,37,46,15,53,-41
"1726","Toronto Raptors","Marc Gasol",26,648,237,64,135,47.4074074074074,23,52,44.2307692307692,40,52,76.9230769230769,24,148,101,36,24,23,70,209
"1027","Toronto Raptors","Jonas Valanciunas",30,564,384,140,229,61.1353711790393,9,30,30,77,94,81.9148936170213,54,162,29,39,13,23,82,70
"1132","Toronto Raptors","CJ Miles",40,562,218,27,69,39.1304347826087,43,137,31.3868613138686,35,44,79.5454545454545,12,56,22,21,18,10,62,-100
"827","Toronto Raptors","Jeremy Lin",23,433,161,47,100,47,11,55,20,34,42,80.9523809523809,6,54,50,26,9,6,48,-73
"727","Toronto Raptors","Greg Monroe",38,423,183,74,157,47.1337579617834,0,4,0,35,61,57.3770491803279,60,96,16,31,13,8,61,-82
"2118","Toronto Raptors","Patrick McCaw",26,344,69,16,30,53.3333333333333,8,24,33.3333333333333,13,15,86.6666666666667,7,38,27,14,21,2,37,-39
"1427","Toronto Raptors","Lorenzo Brown",26,212,55,17,43,39.5348837209302,6,28,21.4285714285714,3,3,100,5,26,28,16,12,5,22,-34
"250","Toronto Raptors","Chris Boucher",28,163,93,22,39,56.4102564102564,12,37,32.4324324324324,13,15,86.6666666666667,16,40,2,7,6,24,31,-13
"927","Toronto Raptors","Jodie Meeks",8,104,51,13,21,61.9047619047619,8,18,44.4444444444444,1,1,100,1,11,8,2,1,1,5,13
"1527","Toronto Raptors","Malachi Richardson",22,103,30,1,4,25,8,25,32,4,5,80,2,11,0,8,1,0,13,-11
"1627","Toronto Raptors","Malcolm Miller",10,67,35,1,5,20,10,21,47.6190476190476,3,4,75,1,4,1,1,1,1,5,-8
"1133","Toronto Raptors","Jordan Loyd",12,55,29,4,10,40,4,8,50,9,11,81.8181818181818,1,8,6,2,0,0,5,-20
"527","Toronto Raptors","Eric Moreland",4,38,7,2,6,33.3333333333333,1,1,100,0,0,0,4,13,4,5,1,1,8,-20
"428","Utah Jazz","Donovan Mitchell",77,2598,1829,473,1011,46.7853610286845,188,519,36.223506743738,319,396,80.5555555555556,59,257,322,218,106,31,208,371
"1528","Utah Jazz","Rudy Gobert",81,2577,1284,476,712,66.8539325842697,0,0,0,332,522,63.6015325670498,309,732,161,130,66,187,231,384
"928","Utah Jazz","Joe Ingles",82,2568,994,170,319,53.2915360501567,189,483,39.1304347826087,87,123,70.7317073170732,35,295,469,193,98,20,180,428
"828","Utah Jazz","Jae Crowder",80,2166,951,145,275,52.7272727272727,173,522,33.1417624521073,142,197,72.0812182741117,60,324,133,85,64,31,170,227
"1328","Utah Jazz","Ricky Rubio",68,1899,864,216,476,45.3781512605042,79,254,31.1023622047244,195,228,85.5263157894737,33,210,416,180,91,10,180,250
"328","Utah Jazz","Derrick Favors",76,1766,897,346,541,63.9556377079482,17,78,21.7948717948718,154,228,67.5438596491228,207,353,89,84,56,106,163,186
"1428","Utah Jazz","Royce ONeale",82,1671,426,95,167,56.8862275449102,68,176,38.6363636363636,32,42,76.1904761904762,22,263,124,70,54,24,172,172
"1028","Utah Jazz","Kyle Korver",54,1083,492,53,113,46.9026548672566,113,294,38.4353741496599,47,57,82.4561403508772,9,124,64,42,22,10,84,170
"254","Utah Jazz","Dante Exum",42,664,288,83,179,46.3687150837989,18,62,29.0322580645161,68,86,79.0697674418605,16,52,110,52,14,5,69,48
"1628","Utah Jazz","Thabo Sefolosha",50,609,190,37,71,52.112676056338,34,78,43.5897435897436,14,22,63.6363636363636,8,115,27,25,43,5,41,123
"628","Utah Jazz","Georges Niang",59,516,235,43,76,56.578947368421,43,105,40.9523809523809,20,24,83.3333333333333,11,76,35,23,10,6,57,-93
"1230","Utah Jazz","Raul Neto",37,474,196,54,101,53.4653465346535,20,60,33.3333333333333,28,33,84.8484848484848,6,56,93,35,14,4,49,175
"728","Utah Jazz","Grayson Allen",38,416,211,35,79,44.3037974683544,32,99,32.3232323232323,45,60,75,3,20,25,33,6,6,47,-116
"528","Utah Jazz","Ekpe Udoh",51,320,119,50,72,69.4444444444444,0,0,0,19,30,63.3333333333333,27,63,28,13,10,31,36,-51
"1134","Utah Jazz","Alec Burks",17,269,143,31,71,43.6619718309859,16,43,37.2093023255814,33,38,86.8421052631579,2,25,20,15,6,4,22,-25
"1135","Utah Jazz","Naz Mitrou-Long",14,84,16,4,9,44.4444444444444,2,11,18.1818181818182,2,2,100,1,5,15,8,1,1,10,-39
"1822","Utah Jazz","Tyler Cavanaugh",11,39,9,2,5,40,1,5,20,2,2,100,3,5,1,1,0,0,3,-37
"1727","Utah Jazz","Tony Bradley",3,36,17,8,16,50,0,0,0,1,2,50,9,6,1,3,2,2,6,-18
"329","Washington Wizards","Bradley Beal",82,3028,2099,555,1013,54.7877591312932,209,596,35.0671140939597,362,448,80.8035714285714,89,322,448,224,121,58,226,-112
"2215","Washington Wizards","Tomas Satoransky",80,2164,709,193,368,52.445652173913,64,162,39.5061728395062,131,160,81.875,82,197,399,120,82,13,172,-54
"1136","Washington Wizards","Jeff Green",77,2097,946,215,367,58.58310626703,111,320,34.6875,183,206,88.8349514563107,57,252,137,101,43,39,160,-94
"2119","Washington Wizards","Thomas Bryant",72,1496,758,276,403,68.4863523573201,33,99,33.3333333333333,107,137,78.1021897810219,113,341,92,60,25,67,126,-107
"2312","Washington Wizards","Trevor Ariza",43,1465,605,113,214,52.803738317757,95,295,32.2033898305085,94,121,77.6859504132231,34,192,165,67,53,13,86,-54
"1823","Washington Wizards","Otto Porter Jr",41,1191,518,137,266,51.5037593984962,65,176,36.9318181818182,49,64,76.5625,40,191,80,40,64,22,79,-28
"1329","Washington Wizards","John Wall",32,1104,663,194,383,50.6527415143603,51,169,30.1775147928994,122,175,69.7142857142857,15,101,279,121,49,29,71,-152
"1629","Washington Wizards","Markieff Morris",34,883,391,95,184,51.6304347826087,48,144,33.3333333333333,57,73,78.0821917808219,41,133,60,47,25,20,117,-160
"255","Washington Wizards","Bobby Portis",28,768,400,109,238,45.7983193277311,48,119,40.3361344537815,38,47,80.8510638297872,63,179,43,45,24,12,84,13
"1529","Washington Wizards","Kelly Oubre Jr",29,755,373,91,173,52.6011560693642,41,132,31.0606060606061,68,85,80,24,105,20,30,27,20,71,-130
"429","Washington Wizards","Chasson Randle",49,743,271,45,102,44.1176470588235,46,115,40,43,62,69.3548387096774,10,46,97,43,25,3,91,-110
"2410","Washington Wizards","Troy Brown Jr",52,730,248,75,165,45.4545454545455,22,69,31.8840579710145,32,47,68.0851063829787,35,110,80,30,21,5,56,-1
"1137","Washington Wizards","Austin Rivers",29,683,210,43,88,48.8636363636364,33,106,31.1320754716981,25,46,54.3478260869565,10,61,58,36,18,10,72,-26
"929","Washington Wizards","Jabari Parker",25,682,374,125,204,61.2745098039216,24,81,29.6296296296296,52,76,68.4210526315789,38,142,68,67,23,16,58,20
"2017","Washington Wizards","Sam Dekker",38,619,230,84,159,52.8301886792453,14,49,28.5714285714286,20,36,55.5555555555556,44,71,37,19,27,7,34,-52
"829","Washington Wizards","Ian Mahinmi",34,498,139,44,88,50,3,16,18.75,42,61,68.8524590163934,48,80,25,21,25,16,84,-34
"1429","Washington Wizards","Jordan McRae",27,333,160,51,95,53.6842105263158,10,35,28.5714285714286,28,35,80,6,34,30,15,13,7,26,-22
"629","Washington Wizards","Dwight Howard",9,230,115,43,69,62.3188405797101,0,0,0,29,48,60.4166666666667,24,59,4,16,7,4,34,-50
"256","Washington Wizards","Wesley Johnson",12,157,33,4,14,28.5714285714286,6,26,23.0769230769231,7,10,70,2,16,7,6,2,5,18,-5
"1029","Washington Wizards","Jason Smith",12,130,44,11,27,40.7407407407407,4,10,40,10,12,83.3333333333333,11,26,12,7,1,5,21,-14
"529","Washington Wizards","Devin Robinson",7,95,47,19,30,63.3333333333333,0,2,0,9,14,64.2857142857143,6,14,6,2,4,6,11,-9
"1918","Washington Wizards","Ron Baker",4,45,0,0,0,0,0,4,0,0,0,0,0,4,2,2,1,1,2,-19
"729","Washington Wizards","Gary Payton II",3,16,11,4,6,66.6666666666667,1,2,50,0,0,0,1,1,4,1,3,1,2,11
"1231","Washington Wizards","John Jenkins",4,14,6,0,0,0,2,2,100,0,0,0,0,1,1,0,0,0,0,2
"1728","Washington Wizards","Okaro White",3,6,0,0,0,0,0,2,0,0,0,0,1,1,0,0,0,0,0,-3
